'	'
abandonment	abandon
abbreviation	abbrevi
abhorr	abhorr
abl	abl
abominated	abomin
abram	abram
absey	absey
abstracted	abstract
abut	abut
accelerate	acceler
accidentally	accident
accomplice	accomplic
account	account
accurate	accur
acerb	acerb
acid	acid
acquaintanceship	acquaintanceship
acquittance	acquitt
activity	activ
ada	ada
addeth	addeth
adelaide	adelaid
adjourn	adjourn
administrative	administr
admittance	admitt
adoptious	adopti
adramadio	adramadio
adultress	adultress
adventuress	adventuress
advice	advic
aegeon	aegeon
aesthetic	aesthet
affectations	affect
affirm	affirm
affright	affright
afront	afront
age	age
aggregated	aggreg
ago	ago
agricultural	agricultur
ai	ai
aimable	aimabl
aix	aix
alarums	alarum
albums	album
alencon	alencon
algarroba	algarroba
allay	allay
alleviated	allevi
allowance	allow
ally	alli
along	along
altercation	alterc
always	alway
amassing	amass
ambiguides	ambiguid
amelioration	amelior
amiable	amiabl
amort	amort
amputation	amput
analysis	analysi
ancestry	ancestri
andpholus	andpholus
angelo	angelo
anglo	anglo
animation	anim
annihilate	annihil
annually	annual
answerable	answer
antennae	antenna
anticipations	anticip
antiques	antiqu
anyhow	anyhow
apemantus	apemantus
apologised	apologis
apothecaries	apothecari
appealed	appeal
appellation	appel
applauded	applaud
appointment	appoint
apprentice	apprentic
appropriately	appropri
aprons	apron
ar	ar
arbour	arbour
archer	archer
arden	arden
argillaceous	argillac
aridity	arid
arithmetical	arithmet
armee	arme
aroarer	aroar
arrant	arrant
arriving	arriv
arter	arter
artificially	artifici
ascal	ascal
ash	ash
asketh	asketh
aspirant	aspir
assassinate	assassin
assenting	assent
assignment	assign
assoiled	assoil
assyrian	assyrian
astrolabe	astrolab
athens	athen
atonements	aton
attained	attain
attending	attend
attorney	attorney
au	au
audrey	audrey
augurs	augur
aus	aus
authentically	authent
autres	autr
avec	avec
aves	ave
avouch	avouch
awakens	awaken
awkwardness	awkward
ayli	ayli
babes	babe
backbitten	backbitten
baden	baden
bagot	bagot
baisant	baisant
balalaika	balalaika
balk	balk
balm	balm
band	band
banging	bang
bankruptcy	bankruptci
bantings	bant
barber	barber
barful	bar
barn	barn
barouche	barouch
barril	barril
based	base
basked	bask
basting	bast
battalia	battalia
baubles	baubl
baynard	baynard
beadles	beadl
bearer	bearer
beats	beat
beavers	beaver
bedabbled	bedabbl
bedlam	bedlam
beehives	beehiv
befitting	befit
beggared	beggar
begrimes	begrim
behaviours	behaviour
behowls	behowl
belgian	belgian
believeth	believeth
bellowing	bellow
belzebub	belzebub
benedicite	benedicit
benevolent	benevol
bentii	bentii
bereft	bereft
berrin	berrin
beseemeth	beseemeth
bespeak	bespeak
bestows	bestow
betideth	betideth
better	better
bewailed	bewail
beyond	beyond
bidden	bidden
biglietto	biglietto
billingsgate	billingsg
biologically	biolog
birthright	birthright
biter	biter
blabbing	blab
blackhaired	blackhair
blair	blair
blandness	bland
blaz	blaz
bleedest	bleedest
blesseth	blesseth
blinkers	blinker
blockhead	blockhead
bloodshed	bloodsh
blotting	blot
bludyer	bludyer
blunted	blunt
bluster	bluster
boastful	boast
bobtail	bobtail
boffin	boffin
boils	boil
bolivian	bolivian
bonaparty	bonaparti
bonnet	bonnet
booking	book
booterstown	booterstown
boreali	boreali
borrowers	borrow
botanist	botanist
bottles	bottl
bounce	bounc
bouquet	bouquet
bowery	boweri
boythorn	boythorn
braggadocio	braggadocio
brake	brake
brandon	brandon
braver	braver
brazier	brazier
breakwater	breakwat
breccia	breccia
bretagne	bretagn
bribed	bribe
bridged	bridg
brigandine	brigandin
brimless	brimless
briskness	brisk
britzska	britzska
broil	broil
brooches	brooch
brothers	brother
browse	brows
brunt	brunt
bubukles	bubukl
bucks	buck
buffon	buffon
built	built
bullfinch	bullfinch
bumping	bump
bunny	bunni
burgh	burgh
burly	bur
burst	burst
busines	busin
butcher	butcher
butther	butther
buying	buy
byzantine	byzantin
cabooses	caboos
caddy	caddi
caesarion	caesarion
cajoleries	cajoleri
calculations	calcul
caliver	caliv
caln	caln
cambio	cambio
campaigner	campaign
cancellaria	cancellaria
caned	cane
cannonading	cannonad
cantata	cantata
capacious	capaci
capitalized	capit
caps	cap
captured	captur
caraways	caraway
carders	carder
cares	care
carlos	carlo
carous	carous
carriage	carriag
carthagena	carthagena
case	case
cassada	cassada
castlefogarty	castlefogarti
catalani	catalani
catechism	catech
catlings	catl
caustic	caustic
caves	cave
ceas	cea
celebrated	celebr
cenotherae	cenothera
centres	centr
cerns	cern
ces	ces
chafe	chafe
chaldron	chaldron
chamberlain	chamberlain
chancellor	chancellor
channel	channel
chaperon	chaperon
characterize	character
charger	charger
charlie	charli
charters	charter
chastened	chasten
chatters	chatter
cheat	cheat
cheerfulness	cheer
chemist	chemist
cherryble	cherrybl
chestnut	chestnut
chickasaw	chickasaw
childed	child
chill	chill
chin	chin
chirped	chirp
chlorides	chlorid
chollors	chollor
chords	chord
christi	christi
chubby	chubbi
churchyards	churchyard
cicero	cicero
cincture	cinctur
circles	circl
circumscrib	circumscrib
cited	cite
ck	ck
clandestinely	clandestin
claribel	claribel
clattered	clatter
cleaner	cleaner
cleaving	cleav
clergymen	clergymen
cliff	cliff
clinging	cling
cloak	cloak
close	close
clothier	clothier
clovest	clovest
clumsiness	clumsi
coaches	coach
coarseness	coars
cobbey	cobbey
cockle	cockl
code	code
coffers	coffer
cohere	coher
coinstantaneous	coinstantan
collapse	collaps
college	colleg
colmekill	colmekil
colossal	coloss
comart	comart
combless	combless
comfect	comfect
cominius	cominius
commenced	commenc
comminations	commin
commixed	commix
commonwealth	commonwealth
commuuity	commuuiti
comparisons	comparison
compensated	compens
complainer	complain
complexion	complexion
compn	compn
comprehen	comprehen
compromises	compromis
concatenation	concaten
conceives	conceiv
concession	concess
conclusive	conclus
condense	condens
condolence	condol
coney	coney
confesses	confess
confin	confin
confiscations	confisc
confus	confus
conger	conger
congruous	congruous
conjurations	conjur
connivance	conniv
conscienc	conscienc
consequence	consequ
considered	consid
console	consol
conspiracy	conspiraci
constitootion	constitoot
constructing	construct
consummate	consumm
contemplate	contempl
contends	contend
continent	contin
contorted	contort
contrarieties	contrarieti
contriv	contriv
contusion	contus
convents	convent
converting	convert
convinces	convinc
cooked	cook
coops	coop
coppice	coppic
coram	coram
corduroy	corduroy
cornelian	cornelian
coroners	coron
correction	correct
corrivals	corriv
corsage	corsag
costal	costal
cottages	cottag
councillor	councillor
counterbalanced	counterbalanc
countesses	countess
couples	coupl
coursing	cours
courtyards	courtyard
covert	covert
cowboy	cowboy
coyness	coy
crackers	cracker
cramble	crambl
crapes	crape
cravley	cravley
crease	creas
creditable	credit
creole	creol
crew	crew
criminal	crimin
crispianus	crispianus
croaks	croak
cropley	cropley
crouched	crouch
crownet	crownet
cruelty	cruelti
crupper	crupper
cruz	cruz
cucao	cucao
cue	cue
culpeu	culpeu
cumuli	cumuli
cur	cur
curfew	curfew
currently	current
cursy	cursi
curvature	curvatur
customarily	customarili
cutthroat	cutthroat
cymindis	cymindi
dabblers	dabbler
dahlia	dahlia
dallying	dalli
damnatory	damnatori
danced	danc
dangling	dangl
dardanian	dardanian
darkness	dark
dash	dash
daughters	daughter
dawning	dawn
deadens	deaden
deanery	deaneri
debacle	debacl
debonair	debonair
decayer	decay
decencies	decenc
deciphers	deciph
declension	declens
decorous	decor
deduct	deduct
deeper	deeper
defeatures	defeatur
deferential	deferenti
define	defin
defray	defray
degs	deg
delaval	delav
delicates	delic
deliverer	deliver
dem	dem
demetrius	demetrius
demonstrate	demonstr
denier	denier
denouncing	denounc
depart	depart
depends	depend
deposit	deposit
depreciate	depreci
depute	deput
derive	deriv
descendin	descendin
desert	desert
designing	design
desolately	desol
despiser	despis
dessert	dessert
destructive	destruct
detects	detect
detesting	detest
devant	devant
devis	devi
devotion	devot
dexter	dexter
dialogued	dialogu
dic	dic
did	did
diet	diet
diffidently	diffid
digitatus	digitatus
dilating	dilat
diminutive	diminut
dingy	dingi
diplomatical	diplomat
directors	director
disadvantage	disadvantag
disappointment	disappoint
disavowal	disavow
discerned	discern
disclaim	disclaim
discomforts	discomfort
discordantly	discord
discov	discov
discriminating	discrimin
disedg	disedg
disgrac	disgrac
dishclout	dishclout
disinclination	disinclin
dislikes	dislik
dismes	dism
disorganised	disorganis
dispenses	dispens
displays	display
dispossessed	dispossess
disputed	disput
disruption	disrupt
dissentious	dissenti
distaffs	distaff
distil	distil
distort	distort
distribute	distribut
dit	dit
diverse	divers
dividends	dividend
divorc	divorc
doating	doat
doctrines	doctrin
dogged	dog
dolls	doll
dominance	domin
donalbain	donalbain
doo	doo
doose	doos
dostoevsky	dostoevski
doubleness	doubl
dounia	dounia
dowdstown	dowdstown
dowry	dowri
draft	draft
drains	drain
draughts	draught
drayman	drayman
drear	drear
drest	drest
drinkers	drinker
drizzling	drizzl
dropheir	dropheir
drovers	drover
druidical	druidic
drysalter	drysalt
ducklings	duckl
duke	duke
dumb	dumb
dunghills	dunghil
durable	durabl
dustman	dustman
dwindled	dwindl
ealthiest	ealthiest
earning	earn
eases	eas
eaters	eater
eccolo	eccolo
economizing	econom
edgar	edgar
editor	editor
effaceable	effac
efflorescence	effloresc
egg	egg
eie	eie
ejaculated	ejacul
elastic	elast
eldest	eldest
elegantly	eleg
elflocks	elflock
elliotson	elliotson
elsinore	elsinor
emancipist	emancipist
embassies	embassi
embodied	embodi
embroider	embroid
emilia	emilia
emperal	emper
employer	employ
emulate	emul
enanmour	enanmour
encircled	encircl
encorporal	encorpor
encrusted	encrust
endeavours	endeavour
endur	endur
enfeebles	enfeebl
engaddi	engaddi
enginer	engin
engraving	engrav
enjoyable	enjoy
enlist	enlist
enormously	enorm
enrings	enr
enshrines	enshrin
entailed	entail
enthrall	enthral
entomol	entomol
entree	entre
enveloped	envelop
eothen	eothen
epilogue	epilogu
equalities	equal
equipment	equip
erbearing	erbear
erected	erect
erhanging	erhang
ernight	ernight
erraught	erraught
erstan	erstan
erupted	erupt
escaped	escap
especially	especi
essence	essenc
esteem	esteem
estuaries	estuari
etiquette	etiquett
european	european
evasiveness	evas
everlasting	everlast
evils	evil
exacting	exact
examine	examin
exceedingly	exceed
exceptless	exceptless
exclaim	exclaim
excrescence	excresc
execution	execut
exerted	exert
exhibiters	exhibit
exist	exist
expands	expand
expecting	expect
expense	expens
expired	expir
explore	explor
expostulating	expostul
expulsion	expuls
extent	extent
extinguish	extinguish
extra	extra
extremum	extremum
eyebrow	eyebrow
fa	fa
facile	facil
faculty	faculti
failed	fail
fairest	fairest
faiths	faith
fallows	fallow
falteringly	falter
famous	famous
fanlight	fanlight
farden	farden
farrow	farrow
fashioned	fashion
fatally	fatal
fatness	fat
faulty	faulti
favourite	favourit
fearful	fear
feathered	feather
feebled	feebl
feign	feign
fellar	fellar
felt	felt
ferdinand	ferdinand
ferreted	ferret
festin	festin
fett	fett
feyther	feyther
fictions	fiction
fidius	fidius
fifteen	fifteen
figurative	figur
filka	filka
finale	final
finery	fineri
finless	finless
fireside	firesid
firstlings	firstl
fissures	fissur
fitz	fitz
fixture	fixtur
flakes	flake
flannigan	flannigan
flattening	flatten
flawed	flaw
fleecy	fleeci
fletchers	fletcher
flighty	flighti
flite	flite
floods	flood
flote	flote
flowed	flow
fluffles	fluffl
flutings	flute
foaming	foam
fogs	fog
folded	fold
folly	folli
fooling	fool
footpath	footpath
forasmuch	forasmuch
forceps	forcep
forefingers	forefing
forensic	forens
forestalled	forestal
forfeiting	forfeit
forging	forg
formality	formal
forsaketh	forsaketh
fortifications	fortif
fortward	fortward
fou	fou
fountain	fountain
fowler	fowler
fragmentary	fragmentari
franchise	franchis
frantically	frantic
freaks	freak
freemen	freemen
frequent	frequent
fretful	fret
friending	friend
frigidity	frigid
frivolous	frivol
frontier	frontier
frowns	frown
frutify	frutifi
fulcrum	fulcrum
fulvipes	fulvip
fundamental	fundament
furlongs	furlong
further	further
futile	futil
gads	gad
gainsaid	gainsaid
gallant	gallant
gallon	gallon
gambles	gambl
gander	gander
gapes	gape
gardon	gardon
garran	garran
gasp	gasp
gatherlng	gatherlng
gauze	gauz
gazelle	gazell
gelding	geld
generalization	general
genie	geni
gentlefolk	gentlefolk
geoffroy	geoffroy
georgina	georgina
gervais	gervai
ghost	ghost
giddily	giddili
gilds	gild
ging	ging
girlhood	girlhood
giving	give
glances	glanc
gleamed	gleam
glides	glide
glittered	glitter
gloriously	glorious
glowing	glow
gnarled	gnarl
goar	goar
goddess	goddess
goesler	goesler
goldingsby	goldingsbi
goo	goo
goodyear	goodyear
gorgeous	gorgeous
got	got
governess	gover
graced	grace
grafinn	grafinn
granddaughter	granddaught
grandpre	grandpr
grappled	grappl
gratiano	gratiano
gravel	gravel
graymarsh	graymarsh
grecian	grecian
greenish	greenish
gremio	gremio
grievance	grievanc
grimace	grimac
grip	grip
groaning	groan
groped	grope
groundwork	groundwork
grown	grown
grumbler	grumbler
guardage	guardag
guayavita	guayavita
guichard	guichard
guileless	guileless
gulielmo	gulielmo
gunners	gunner
guster	guster
gymnastic	gymnast
habitually	habitu
haggardly	haggard
hairy	hairi
halloo	halloo
hamlet	hamlet
hamstrings	hamstr
handles	handl
hangdog	hangdog
haphazard	haphazard
haranguing	harangu
harder	harder
hark	hark
harmonized	harmon
harriett	harriett
harurn	harurn
hasty	hasti
hating	hate
haunches	haunch
hawk	hawk
hazardous	hazard
headlong	headlong
heaps	heap
heartbreaking	heartbreak
hearts	heart
heavenly	heaven
hectors	hector
heeled	heel
heir	heir
hellish	hellish
hemiptera	hemiptera
henry	henri
hercules	hercul
heretics	heret
heroine	heroin
hesperides	hesperid
hey	hey
hidest	hidest
highl	highl
hilding	hild
hinckley	hinckley
hippahs	hippah
hisself	hisself
hitherwards	hitherward
hoary	hoari
hodge	hodg
holder	holder
hollies	holli
holyhead	holyhead
homily	homili
honeysuckles	honeysuckl
honours	honour
hoongry	hoongri
hopelessness	hopeless
horned	horn
hors	hor
hortense	hortens
hoste	host
hoty	hoti
housekeeper	housekeep
how	how
huacas	huaca
hug	hug
hull	hull
humbling	humbl
hummingbirds	hummingbird
hundredth	hundredth
huntsman	huntsman
hurries	hurri
husht	husht
hyacinth	hyacinth
hyena	hyena
hypocrites	hypocrit
iament	iament
idealism	ideal
idiotic	idiot
if	if
iguana	iguana
illness	ill
illustrative	illustr
imaginings	imagin
immask	immask
immolate	immol
imp	imp
impassible	impass
impelled	impel
imperiousness	imperi
implanted	implant
importance	import
imposition	imposit
impregnability	impregn
imprison	imprison
imprudences	imprud
impute	imput
inapplicable	inapplic
incalculable	incalcul
incentive	incent
incited	incit
including	includ
incongruous	incongru
inconvenient	inconveni
incredulously	incredul
ind	ind
indenting	indent
indicating	indic
indignations	indign
indisposed	indispos
indolently	indol
indued	indu
ineffectually	ineffectu
inexorable	inexor
infamy	infami
inferiorities	inferior
infirmities	infirm
infliction	inflict
infrequency	infrequ
ingenue	ingenu
ingross	ingross
inherits	inherit
injection	inject
inkle	inkl
inning	inning
inordinate	inordin
ins	in
insensible	insens
insinuating	insinu
inspected	inspect
instant	instant
institution	institut
insufficience	insuffici
int	int
intemperate	intemper
intentively	intent
interchanging	interchang
interleaved	interleav
internalise	internalis
interposes	interpos
interrupter	interrupt
intervening	interven
intiv	intiv
intricate	intric
intruding	intrud
invalid	invalid
inventions	invent
investment	invest
invocate	invoc
ionia	ionia
irish	irish
irreconcilable	irreconcil
irresolution	irresolut
irruption	irrupt
islands	island
it	it
ivanovitch	ivanovitch
jacket	jacket
jaisey	jaisey
janus	janus
jaunders	jaunder
jealous	jealous
jemmy	jemmi
jerky	jerki
jeune	jeun
jills	jill
jocose	jocos
johnson	johnson
jokes	joke
joshua	joshua
jovem	jovem
jude	jude
jugglers	juggler
jumbled	jumbl
junket	junket
justicers	justic
juvenile	juvenil
katherina	katherina
keepdown	keepdown
kent	kent
kettle	kettl
kickshaws	kickshaw
kilns	kiln
kindnesses	kind
kirby	kirbi
kitts	kitt
kneading	knead
knights	knight
knots	knot
knuckle	knuckl
kryukov	kryukov
labourers	labour
lack	lack
ladle	ladl
lagrime	lagrim
lambeth	lambeth
lammas	lamma
land	land
langsdorff	langsdorff
lap	lap
lards	lard
lascivious	lascivi
latches	latch
latte	latt
laugher	laugher
laurentinum	laurentinum
law	law
layer	layer
lc	lc
leagues	leagu
lear	lear
leavening	leaven
lederlung	lederlung
leetle	leetl
legerity	leger
leicester	leicest
lender	lender
lentus	lentus
lequel	lequel
lethe	leth
levelled	level
liabilities	liabil
liberte	libert
lichtenstein	lichtenstein
liesk	liesk
lig	lig
lightning	lightn
likes	like
limber	limber
limps	limp
lingering	linger
lion	lion
lisping	lisp
literatured	literatur
liveliest	liveliest
lix	lix
loaded	load
lobbies	lobbi
locock	locock
loft	loft
loight	loight
lon	lon
longings	long
lookye	looky
lop	lop
lorgnon	lorgnon
lottery	lotteri
lout	lout
lovest	lovest
loyally	loyal
lucianus	lucianus
lucullus	lucullus
lulla	lulla
luna	luna
lurid	lurid
lustrous	lustrous
lviii	lviii
lymoges	lymog
macbeths	macbeth
mackenzie	mackenzi
madams	madam
madras	madra
magic	magic
magnificoes	magnifico
mahout	mahout
maimed	maim
maitre	maitr
makings	make
maledictions	maledict
mall	mall
mama	mama
manageable	manag
mandrakes	mandrak
mangy	mangi
manliness	manli
mansions	mansion
manufactory	manufactori
marble	marbl
marengo	marengo
marie	mari
marl	marl
married	marri
marstones	marston
martyrdom	martyrdom
masked	mask
massy	massi
mastiffs	mastiff
maternal	matern
mattered	matter
maund	maund
mayence	mayenc
me	me
meannesses	mean
mechanical	mechan
mediate	mediat
mediterranean	mediterranean
meeting	meet
melanops	melanop
melolonthidae	melolonthida
memorandum	memorandum
mender	mender
mentor	mentor
mercurial	mercuri
mermaids	mermaid
mesmerism	mesmer
metamorphis	metamorphi
methods	method
mexican	mexican
midas	mida
might	might
mikolka	mikolka
military	militari
milliner	millin
mimosa	mimosa
minds	mind
mining	mine
minola	minola
minutus	minutus
misalliance	misalli
miscalculated	miscalcul
misconstruction	misconstruct
miser	miser
mishaps	mishap
misprised	mispris
missiones	mission
mistempered	mistemp
mistrusting	mistrust
mix	mix
moats	moat
modelling	model
mogul	mogul
molest	molest
mome	mome
monblaisir	monblaisir
monies	moni
monosyllabic	monosyllab
mont	mont
montmirail	montmirail
moonshines	moonshin
mor	mor
more	more
morrow	morrow
mortis	morti
mothers	mother
moulder	moulder
mountanto	mountanto
mousing	mous
movemen	movemen
mp	mp
muddy	muddi
mulcted	mulct
multiply	multipli
munich	munich
mure	mure
murtherer	murther
mushrooms	mushroom
muss	muss
mute	mute
muttons	mutton
myst	myst
nae	nae
names	name
narbon	narbon
naso	naso
natives	nativ
naughtiest	naughtiest
naw	naw
nearer	nearer
necessarily	necessarili
necrophagous	necrophag
needs	need
negotiable	negoti
nekrassov	nekrassov
ners	ner
nether	nether
new	new
newspapers	newspap
nicety	niceti
niggard	niggard
nigricans	nigrican
ninepence	ninep
nipple	nippl
nobleman	nobleman
noddings	nod
noisily	noisili
nonce	nonc
noontide	noontid
northumberlands	northumberland
notably	notabl
noticeable	notic
noun	noun
novice	novic
nudged	nudg
nuncio	nuncio
nurtured	nurtur
oaks	oak
obeisance	obeis
objects	object
oblivious	oblivi
observance	observ
obstinately	obstin
occasionally	occasion
occurred	occur
odder	odder
oesophagus	oesophagus
offenseless	offenseless
officiated	offici
ohnglaube	ohnglaub
ole	ole
omissions	omiss
oncology	oncolog
ony	oni
openly	open
ophelia	ophelia
opportunities	opportun
oppressor	oppressor
oration	orat
ordain	ordain
organ	organ
orifices	orific
ornamentation	ornament
orthography	orthographi
osorno	osorno
ostriches	ostrich
ottomans	ottoman
ouse	ous
outer	outer
outlandish	outlandish
outpouring	outpour
outscorn	outscorn
outstretch	outstretch
oval	oval
overcharg	overcharg
overflowing	overflow
overland	overland
overpowered	overpow
oversleep	oversleep
overtask	overtask
overwhelming	overwhelm
owlish	owlish
oyes	oye
pack	pack
paddles	paddl
pailfuls	pail
pajock	pajock
paler	paler
palls	pall
paltry	paltri
pancake	pancak
pangs	pang
panting	pant
paphos	papho
paradoxical	paradox
paraphernalia	paraphernalia
parchmentses	parchments
parentheses	parenthes
parkers	parker
parolles	paroll
partakers	partak
particularities	particular
partook	partook
passed	pass
passport	passport
pastrycook	pastrycook
patellae	patella
patines	patin
patronised	patronis
patula	patula
pav	pav
pawns	pawn
peacefully	peac
pearls	pearl
peccet	peccet
pedantry	pedantri
peerage	peerag
peise	peis
peltirogus	peltirogus
pendulum	pendulum
penned	pen
penthesilea	penthesilea
peradventure	peradventur
percies	perci
perennially	perenni
performers	perform
perilled	peril
perk	perk
peroration	peror
perquisitions	perquisit
persiffled	persiffl
personating	person
persuasive	persuas
peruse	perus
pest	pest
petit	petit
pets	pet
pewterer	pewter
pheazar	pheazar
philanthropy	philanthropi
philos	philo
phonological	phonolog
phrynia	phrynia
pianos	piano
pickings	pick
picturesque	picturesqu
pierced	pierc
pigsties	pigsti
pilgrims	pilgrim
pimpernell	pimpernel
pined	pine
pins	pin
pippins	pippin
pistoling	pistol
pitiably	pitiabl
pivot	pivot
plagiarists	plagiarist
plaintive	plaintiv
planned	plan
plassy	plassi
plausible	plausibl
plays	play
pleasantest	pleasantest
pledged	pledg
plies	pli
ploughed	plough
plumbago	plumbago
plunging	plung
pocketbook	pocketbook
poictiers	poictier
poisonous	poison
polecats	polecat
political	polit
polonies	poloni
pomaded	pomad
pomposity	pompos
ponto	ponto
popedom	popedom
porches	porch
portage	portag
portholes	porthol
portsmouth	portsmouth
possesses	possess
posted	post
postponed	postpon
potch	potch
potteries	potteri
pounder	pounder
powders	powder
practiced	practic
pragging	prag
prate	prate
praying	pray
precedent	preced
precise	precis
predict	predict
preference	prefer
prejudiced	prejud
prenny	prenni
preponderates	preponder
prescript	prescript
presently	present
presiding	presid
presupposes	presuppos
prettiest	prettiest
previous	previous
pricks	prick
primera	primera
principals	princip
prismatic	prismat
privilege	privileg
probing	probe
proclamation	proclam
prodigality	prodig
products	product
professors	professor
profound	profound
progression	progress
prologues	prologu
promontory	promontori
prone	prone
propagates	propag
prophetic	prophet
proposal	propos
proprietorship	proprietorship
proserpina	proserpina
protect	protect
protesting	protest
prov	prov
province	provinc
prowl	prowl
pry	pri
pteroptochos	pteroptocho
puddick	puddick
pugnacity	pugnac
pulpit	pulpit
pumpion	pumpion
pungent	pungent
puppies	puppi
purgatory	purgatori
purpose	purpos
pursue	pursu
pushing	push
puzzled	puzzl
pyrites	pyrit
quadruped	quadrup
quaking	quak
quarantine	quarantin
quarther	quarther
queasy	queasi
querulous	querul
quickened	quicken
quieter	quieter
quintessence	quintess
quivering	quiver
quote	quot
rachel	rachel
radicalism	radic
rages	rage
railroads	railroad
rak	rak
rambures	rambur
ramston	ramston
ranging	rang
rant	rant
rar	rar
raspberry	raspberri
rationally	ration
ravdonn	ravdonn
ravishment	ravish
razeth	razeth
reader	reader
realising	realis
reappear	reappear
reasoning	reason
rebelling	rebel
rebus	rebus
receive	receiv
reciprocate	reciproc
reclaim	reclaim
recoil	recoil
recompenses	recompens
record	record
recovery	recoveri
rectoress	rectoress
redder	redder
redoubling	redoubl
reef	reef
referring	refer
refolds	refold
refts	reft
regaining	regain
regent	regent
regress	regress
rehearsal	rehears
reinstating	reinstat
rejoinders	rejoind
relative	relat
reliable	reliabl
religiously	religi
remaineth	remaineth
remembers	rememb
remittances	remitt
remov	remov
rending	rend
renowmed	renowm
repasture	repastur
repent	repent
replacing	replac
reposal	repos
represents	repres
reproducing	reproduc
repudiation	repudi
requested	request
reread	reread
resenting	resent
residenz	residenz
resolution	resolut
respeaking	respeak
responding	respond
restless	restless
result	result
retainers	retain
retired	retir
retreated	retreat
returneth	returneth
revelry	revelri
revered	rever
reverts	revert
revival	reviv
revolved	revolv
rhapsody	rhapsodi
rhododendrons	rhododendron
ribbentrop	ribbentrop
rickworth	rickworth
ridiculous	ridicul
righted	right
rin	rin
rioter	rioter
ripples	rippl
rival	rival
rivulets	rivulet
rob	rob
robustious	robusti
rodeo	rodeo
rokeby	rokebi
romanovitch	romanovitch
rookh	rookh
rope	rope
rosencrantz	rosencrantz
rotterdam	rotterdam
rounceweil	rounceweil
rousseau	rousseau
rowson	rowson
rubber	rubber
ruddock	ruddock
ruffles	ruffl
rules	rule
rummiest	rummiest
runs	run
rustically	rustic
rye	rye
sackerson	sackerson
saddening	sadden
safeties	safeti
saint	saint
salary	salari
sallow	sallow
saltpetre	saltpetr
sam	sam
sanctified	sanctifi
sandpiper	sandpip
santa	santa
sarcastical	sarcast
satan	satan
satisfies	satisfi
saucers	saucer
savage	savag
savoy	savoy
sborne	sborn
scaling	scale
scandalizing	scandal
scapegoat	scapegoat
scarre	scarr
scented	scent
schimmels	schimmel
schoolboys	schoolboy
schwartzenberg	schwartzenberg
scoffing	scof
scorches	scorch
scotches	scotch
scowling	scowl
scrawls	scrawl
scribbled	scribbl
scrubbed	scrub
scullions	scullion
scytalopus	scytalopus
seame	seam
seasoned	season
seconded	second
sections	section
sedge	sedg
see	see
seemeth	seemeth
seigneur	seigneur
selfishness	selfish
seminary	seminari
senior	senior
sensual	sensual
sentry	sentri
sequent	sequent
sergeant	sergeant
serred	ser
serviteur	serviteur
settlements	settlement
severa	severa
sewerely	sewer
shackles	shackl
shaken	shaken
shamed	shame
shapeless	shapeless
sharp	sharp
shaving	shave
sheathes	sheath
sheffield	sheffield
shepherdes	shepherd
shields	shield
shipboard	shipboard
shirking	shirk
shoeing	shoe
shopkeepers	shopkeep
shortness	short
shovel	shovel
shrewdly	shrewd
shrimps	shrimp
shrubberies	shrubberi
shufflings	shuffl
siamese	siames
sickle	sickl
sidles	sidl
sights	sight
signifies	signifi
silently	silent
silling	sill
similes	simil
simplicity	simplic
sinew	sinew
singling	singl
sinon	sinon
sit	sit
six	six
skaters	skater
skilled	skill
skipper	skipper
skulls	skull
sladdery	sladderi
slap	slap
slavery	slaveri
sleepless	sleepless
slices	slice
slimness	slim
sliver	sliver
sloven	sloven
slumbering	slumber
smal	smal
smashed	smash
smil	smil
smithson	smithson
smoothings	smooth
snack	snack
snare	snare
sneered	sneer
snipt	snipt
snowflakes	snowflak
so	so
sobre	sobr
soe	soe
soilure	soilur
soldest	soldest
solen	solen
soliloquies	soliloqui
solves	solv
someway	someway
sonnets	sonnet
soothers	soother
sordid	sordid
sorted	sort
soundest	soundest
sousing	sous
sovereignty	sovereignti
spaletro	spaletro
sparking	spark
spavins	spavin
specially	special
spectators	spectat
speedier	speedier
sperato	sperato
spider	spider
spindle	spindl
spiritualty	spiritualti
splashed	splash
sploiced	sploic
sponsors	sponsor
spotless	spotless
spreads	spread
sprinkling	sprinkl
spurned	spurn
squalling	squall
squatted	squat
squeezed	squeez
stabbing	stab
stage	stage
stains	stain
stallions	stallion
stander	stander
stare	stare
startle	startl
statement	statement
statuary	statuari
stayt	stayt
stealthily	stealthili
steepest	steepest
step	step
sterling	sterl
steyne	steyn
stigmatical	stigmat
stimulation	stimul
stipulating	stipul
stoccata	stoccata
stole	stole
stood	stood
storehouses	storehous
stouter	stouter
straightest	straightest
stranger	stranger
strato	strato
streamlets	streamlet
strew	strew
strike	strike
striven	striven
strongholds	stronghold
strumpeted	strumpet
stud	stud
stumbles	stumbl
stupids	stupid
su	su
subjection	subject
subordination	subordin
subsidence	subsid
substitute	substitut
suburbs	suburb
successor	successor
suddenness	sudden
sufficeth	sufficeth
sugarscaps	sugarscap
suited	suit
sulph	sulph
summat	summat
sunbeam	sunbeam
sunrising	sunris
superfluity	superflu
supernumeraries	supernumerari
suppertime	suppertim
supplyment	supplyment
suppress	suppress
sureties	sureti
surmis	surmi
surprise	surpris
surveying	survey
suspense	suspens
svirbey	svirbey
swallows	swallow
swartz	swartz
sweaty	sweati
sweeting	sweet
swifter	swifter
swing	swing
swooning	swoon
sycophancy	sycoph
symonds	symond
synonymous	synonym
tabled	tabl
tacna	tacna
tailed	tail
tal	tal
talkest	talkest
tame	tame
tankard	tankard
taper	taper
tarboosh	tarboosh
tarre	tarr
tasks	task
tattle	tattl
tawny	tawni
teaching	teach
teat	teat
telamonius	telamonius
temper	temper
temporize	tempor
tenantry	tenantri
tenedos	tenedo
tenths	tenth
terminating	termin
terrific	terrif
tested	test
tetes	tete
thanked	thank
the	the
them	them
theorize	theoriz
therewith	therewith
thickest	thickest
think	think
thirsting	thirst
thomson	thomson
thoughtless	thoughtless
thread	thread
threshed	thresh
throats	throat
through	through
thrusteth	thrusteth
thundering	thunder
thyme	thyme
ticking	tick
tied	tie
tigress	tigress
timandra	timandra
tin	tin
tinsel	tinsel
tipsy	tipsi
tithe	tith
tle	tle
todd	todd
toiling	toil
tomahawk	tomahawk
tongue	tongu
toothpicker	toothpick
topsy	topsi
torrent	torrent
tosses	toss
toucheth	toucheth
toutes	tout
towton	towton
tractable	tractabl
trafalgar	trafalgar
traitor	traitor
tranquille	tranquill
transfixed	transfix
transmigrates	transmigr
transporting	transport
travell	travel
treacle	treacl
treaties	treati
tremblings	trembl
trent	trent
tribune	tribun
trictrac	trictrac
trills	trill
tripod	tripod
triumphed	triumph
troilus	troilus
tropic	tropic
troublest	troublest
troyans	troyan
trumpery	trumperi
trustful	trust
tubal	tubal
tuft	tuft
tumblings	tumbl
tupinieri	tupinieri
turkish	turkish
turnstile	turnstil
tut	tut
twelve	twelv
twinge	twing
twitched	twitch
tybalt	tybalt
tyrannized	tyrann
ugliness	ugli
umfrevile	umfrevil
unadvis	unadvi
unappeasable	unappeas
unavailing	unavail
unbegot	unbegot
unblushingly	unblush
unbruis	unbrui
uncapable	uncap
unchanging	unchang
unclasping	unclasp
uncommon	uncommon
unconfirmed	unconfirm
uncontrollable	uncontrol
uncuckolded	uncuckold
undefined	undefin
underlined	underlin
understands	understand
underwrite	underwrit
undisfigured	undisfigur
undrained	undrain
unearthed	unearth
unerring	uner
unfaithful	unfaith
unfeminine	unfeminin
unfool	unfool
unfriendly	unfriend
ungirdles	ungirdl
unhallow	unhallow
unheeded	unheed
unhurt	unhurt
uninjured	uninjur
unities	uniti
unkindness	unkind
unlettered	unlett
unloosed	unloos
unmask	unmask
unmingled	unmingl
unnaturalness	unnatur
unpacked	unpack
unperformed	unperform
unpolish	unpolish
unpretendingly	unpretend
unprovokes	unprovok
unravel	unravel
unrelieved	unreliev
unreverent	unrever
unsafe	unsaf
unseal	unseal
unsettle	unsettl
unshout	unshout
unsought	unsought
unsteadfast	unsteadfast
unsur	unsur
untarnished	untarnish
untidy	untidi
untrammelled	untrammel
untwine	untwin
unviolated	unviol
unwhitewashed	unwhitewash
unworthily	unworthili
upheaving	upheav
upper	upper
upsallata	upsallata
urged	urg
usages	usag
usnera	usnera
uthers	uther
vacancy	vacanc
vagrant	vagrant
valanc	valanc
vallant	vallant
vamous	vamous
vanquished	vanquish
variable	variabl
varrius	varrius
vaughan	vaughan
ve	ve
veil	veil
vendors	vendor
venomous	venom
venturing	ventur
verbenas	verbena
verily	verili
versification	versif
vestiges	vestig
vexest	vexest
vicarage	vicarag
victims	victim
vied	vie
vil	vil
villains	villain
vindicated	vindic
violate	violat
virago	virago
visag	visag
visitings	visit
vittoria	vittoria
viz	viz
voic	voic
volley	volley
voluntaries	voluntari
vore	vore
vouches	vouch
voyagers	voyag
vulnerable	vulner
waded	wade
waggishly	waggish
wails	wail
waits	wait
wales	wale
walnut	walnut
waned	wane
warble	warbl
warfare	warfar
warp	warp
warwick	warwick
wassails	wassail
watchmaker	watchmak
waterrugs	waterrug
waverer	waver
ways	way
wealth	wealth
weary	weari
webs	web
week	week
weighs	weigh
weller	weller
weobly	weobli
wet	wet
what	what
wheelwright	wheelwright
where	where
wherever	wherev
whilst	whilst
whippers	whipper
whiskered	whisker
whitefriars	whitefriar
whitsuntide	whitsuntid
whoobub	whoobub
whyou	whyou
widens	widen
wigmaker	wigmak
wilfull	wilful
willow	willow
winder	winder
winged	wing
