а	а
австрийский	австрийск
агрономии	агроном
адский	адск
аккорд	аккорд
акулиной	акулин
александровной	александровн
алеши	алеш
алый	ал
америке	америк
ангелины	ангелин
андреевна	андреевн
аней	ан
антракт	антракт
аппетитно	аппетитн
аренды	аренд
арифметика	арифметик
ароматные	ароматн
арфе	арф
астров	астр
аус	аус
ахнул	ахнул
бабушкина	бабушкин
баиньки	баиньк
балете	балет
бальтазару	бальтазар
баранину	баранин
барский	барск
барыни	барын
батальонных	батальон
башлыком	башлык
бегаю	бега
бедам	бед
бедные	бедн
бежало	бежа
безвыходная	безвыходн
бездной	бездн
беззаботность	беззаботн
безмерными	безмерн
безнаказанно	безнаказа
безобразник	безобразник
безотчетной	безотчетн
безумной	безумн
безысходным	безысходн
белится	бел
белою	бел
береглась	берегл
берешь	береш
беседует	бесед
бескровно	бескровн
беспокоила	беспоко
беспокойство	беспокойств
беспорядка	беспорядк
беспрерывную	беспрерывн
бессилья	бессил
бессознательно	бессознательн
бесстыдным	бесстыдн
бесчестит	бесчест
бешеном	бешен
била	бил
бильярдную	бильярдн
бифштекса	бифштекс
благоговение	благоговен
благодетелем	благодетел
благоприятный	благоприятн
благородных	благородн
благословлять	благословля
блаженное	блажен
бледнее	бледн
блеске	блеск
блещет	блещет
близко	близк
блистать	блиста
блюд	блюд
богатая	богат
богданыч	богданыч
бодрость	бодрост
божится	бож
бокала	бока
болезненно	болезнен
боли	бол
болтлив	болтл
больной	больн
больших	больш
бормотаний	бормотан
борьбой	борьб
бочком	бочк
браке	брак
бранясь	бран
браться	брат
брезгливости	брезглив
бритвы	бритв
бронза	бронз
бросилась	брос
брошка	брошк
брюзгливо	брюзглив
бубновый	бубнов
будничные	будничн
будущих	будущ
буквально	буквальн
бултых	булт
бумажнике	бумажник
бурными	бурн
бутылок	бутылок
бывает	быва
бывшим	бывш
быстротой	быстрот
бьющаяся	бьющ
важнейшими	важн
валентина	валентин
вампир	вампир
вареники	вареник
варю	вар
васьки	васьк
вашими	ваш
ввиду	ввид
вдвойне	вдвойн
вдохновенных	вдохновен
ведая	вед
ведьма	ведьм
векам	век
вели	вел
великодушных	великодушн
величавого	величав
велосипеды	велосипед
венок	венок
верен	вер
вернитесь	верн
верных	верн
вертелся	вертел
верующим	вер
верхушку	верхушк
веселее	весел
весенняя	весен
ветер	ветер
ветхих	ветх
вечная	вечн
вешняя	вешн
взаимном	взаимн
взбитые	взбит
взводом	взвод
взглядывает	взглядыва
вздорожают	вздорожа
вздрагивая	вздрагив
вздыхатель	вздыхател
взойдет	взойдет
взывает	взыва
взяли	взял
видано	вида
виденных	виден
виднелась	виднел
визгливый	визглив
вилкой	вилк
виноватого	виноват
винчи	винч
висящий	вися
вишневого	вишнев
вкуса	вкус
владею	влад
властительно	властительн
влечению	влечен
влюбиться	влюб
вмещал	вмеща
внеси	внес
внимание	вниман
внутренне	внутрен
внушенным	внушен
водворилось	водвор
водопад	водопад
военных	воен
возбуждая	возбужд
возвратного	возвратн
возвысить	возвыс
воздухом	воздух
возлюбила	возлюб
возмущаясь	возмущ
возникла	возникл
возраст	возраст
возьмется	возьмет
войлоке	войлок
воле	вол
волновались	волнова
волны	волн
волшебниц	волшебниц
вона	вон
воображению	воображен
вопил	воп
вопросик	вопросик
вороваль	воровал
воротилось	ворот
ворочало	вороча
восемнадцати	восемнадцат
воскресенье	воскресен
воспаленным	воспален
воспользовались	воспользова
воспротивиться	воспротив
восторгами	восторг
вострыми	востр
воткнул	воткнул
вояжем	вояж
впечатления	впечатлен
вправду	вправд
врагу	враг
врать	врат
времен	врем
вру	вру
всегдашний	всегдашн
всемирной	всемирн
вскакивал	вскакива
вскочил	вскоч
всласть	всласт
всполошился	всполош
вспомните	вспомн
вспыхивал	вспыхива
вставлял	вставля
встревоженного	встревожен
встретилось	встрет
встречалось	встреча
встряхнул	встряхнул
всхлипывает	всхлипыва
всяку	всяк
вторым	втор
входил	вход
вчерашние	вчерашн
выбежишь	выбеж
выбрался	выбра
выведут	выведут
выводили	вывод
выглянуло	выглянул
выгоднее	выгодн
выдал	выда
выдерживает	выдержива
выдумать	выдума
выехал	выеха
выздоравливаю	выздоравлива
выиграна	выигра
выколачивать	выколачива
вылезая	вылез
вымела	вымел
вынесенного	вынесен
вынудила	вынуд
выпевать	выпева
выпитое	выпит
выпрямилась	выпрям
выпучив	выпуч
выработывались	выработыва
выраженьем	выражен
вырвал	вырва
выросшей	выросш
высвободился	высвобод
высказывалось	высказыва
выслушал	выслуша
высокого	высок
высохшею	высохш
выстрелила	выстрел
высшего	высш
вытащим	выта
вытягивая	вытягив
выхода	выход
выходя	выход
вычищены	вычищ
выяснилось	выясн
вялая	вял
гадала	гада
газета	газет
галицийских	галицийск
гармоника	гармоник
гастроном	гастрон
генералишку	генералишк
герани	геран
героя	геро
гимн	гимн
главнейшего	главн
гладкие	гладк
глазу	глаз
глоток	глоток
глубокую	глубок
глупом	глуп
глухие	глух
глядись	гляд
гневается	гнева
гнилого	гнил
говори	говор
говорящие	говоря
годов	год
головку	головк
голодные	голодн
голубое	голуб
гом	гом
гонят	гон
гордом	горд
горелки	горелк
горизонты	горизонт
горными	горн
городскую	городск
горшков	горшк
горячась	горяч
горячо	горяч
господом	господ
гостивший	гост
государственная	государствен
готовиться	готов
грабежей	грабеж
грамматике	грамматик
графина	графин
грез	грез
грехи	грех
гривенниками	гривенник
гробовой	гробов
грозные	грозн
громадные	громадн
громя	гром
грубоват	грубоват
грудой	груд
грустною	грустн
грядущий	грядущ
грянулась	грянул
губил	губ
гуды	гуд
гуманного	гума
густым	густ
давешний	давешн
давя	дав
далеко	далек
дальний	дальн
данную	дан
дарят	дар
двадцатилетней	двадцатилетн
дверями	двер
движения	движен
двинуться	двинут
дворнике	дворник
дворянина	дворянин
двухмачтовый	двухмачтов
девицей	девиц
девочке	девочк
девятого	девят
действительнее	действительн
декадент	декадент
делали	дела
деликатным	деликатн
дельный	дельн
денно	ден
дергайте	дерга
деревням	деревн
державный	державн
дерзкой	дерзк
деспотическому	деспотическ
деточек	деточек
детях	дет
дивана	дива
дивясь	див
диплом	дипл
длинная	длин
дмитрий	дмитр
до	до
добраться	добра
добродушно	добродушн
добрынин	добрынин
доведенные	доведен
доверчивой	доверчив
довольна	довольн
догадывалась	догадыва
догоравшего	догора
дождаться	дожда
доживем	дожив
дойдешь	дойдеш
доказывал	доказыва
доктора	доктор
долгов	долг
должности	должност
дом	дом
домового	домов
донести	донест
дописать	дописа
допроситься	допрос
допятилась	допят
дорогую	дорог
досадливо	досадлив
доскою	доск
доставлял	доставля
достаточном	достаточн
достоин	достоин
доступном	доступн
дохнут	дохнут
дочитала	дочита
драгоценнейший	драгоцен
драки	драк
древко	древк
дремотные	дремотн
дрожавшею	дрожа
дрожь	дрож
дружелюбно	дружелюбн
дружную	дружн
дрянные	дрян
дуклиду	дуклид
дунечка	дунечк
дура	дур
дурно	дурн
духовному	духовн
душегубства	душегубств
душой	душ
дыр	дыр
дышится	дыш
дяди	дяд
евстигнея	евстигне
единогласно	единогласн
едкою	едк
ежечасные	ежечасн
елагин	елагин
епоходов	епоход
естественному	естествен
ешьте	ешьт
жаждущей	жаждущ
жалких	жалк
жалостью	жалост
жарким	жарк
жгучую	жгуч
желаемого	жела
желаю	жела
желтизны	желтизн
желчный	желчн
женится	жен
женских	женск
жердями	жерд
жесткой	жестк
жива	жив
живопись	живоп
жившим	живш
жизненных	жизнен
жилку	жилк
житейские	житейск
жрешь	жреш
журнальце	журнальц
забвению	забвен
забирается	забира
заболел	заболел
заботиться	забот
забрались	забра
забыв	заб
забыли	заб
завален	завал
заведутся	заведут
завесу	завес
завидовать	завидова
завлекли	завлекл
заворотила	заворот
завязалась	завяза
загадываний	загадыван
заглядывавшей	заглядыва
заговелись	заговел
загоревшеюся	загоревш
загреб	загреб
задавлен	задавл
задвинет	задвинет
задернется	задернет
задремлешь	задремлеш
задумчив	задумч
задумываются	задумыва
заеду	заед
зажженных	зажжен
зажмуря	зажмур
заикаются	заика
зайдя	зайд
закалена	закал
закивала	закива
закладчиков	закладчик
заключив	заключ
законный	закон
закорузлую	закорузл
закругленной	закруглен
закрыта	закрыт
закуске	закуск
залежаться	залежа
залила	зал
заломившаяся	залом
замахал	замаха
замереть	замерет
заметного	заметн
замечала	замеча
замеченным	замечен
замке	замк
замолчу	замолч
замучилась	замуч
замять	замя
занимайся	занима
заносчивым	заносчив
занятый	занят
запачкала	запачка
запереть	заперет
запирает	запира
записку	записк
заплакать	заплака
заплетены	заплет
запомнили	запомн
запреты	запрет
запугала	запуга
запущено	запущ
заработка	заработк
зарапортовался	зарапортова
заржет	заржет
зарылись	зар
засветилось	засвет
засияло	засия
засмеется	засмеет
заспав	заспа
заставы	застав
застиг	застиг
заступиться	заступ
засуха	засух
затворе	затвор
затерлось	затерл
заткнет	заткнет
затрепетала	затрепета
затуманилась	затуман
заучусь	зауч
захватывает	захватыва
заходящее	заходя
зацепиться	зацеп
зашевелятся	зашевел
защитить	защит
звания	зван
звенья	звен
звонит	звон
звучало	звуча
здешние	здешн
здоровье	здоров
зевнет	зевнет
зеленщика	зеленщик
землям	земл
зеркальной	зеркальн
златая	злат
злобною	злобн
злодейство	злодейств
злыми	злым
знаете	знает
знакомую	знаком
знаменитой	знаменит
значение	значен
знают	знают
зову	зов
золотокудрый	золотокудр
зорче	зорч
зримей	зрим
зыбкий	зыбк
иванову	иванов
игом	иг
игре	игр
идеалу	идеал
идиотка	идиотк
иерусалим	иерусал
избегал	избега
избранья	избран
известившись	извест
известным	известн
извинялся	извиня
изволила	извол
изгоняется	изгоня
издержанного	издержа
изливавшейся	излива
изломались	излома
изменится	измен
измокшем	измокш
изнеженному	изнежен
изобличена	изоблич
изорвал	изорва
изумительный	изумительн
изъявил	изъяв
изящных	изящн
ильинских	ильинск
имеете	имеет
именинницей	именинниц
индейка	индейк
иностранные	иностра
инструменте	инструмент
интересным	интересн
интригует	интриг
иронически	ироническ
искания	искан
искренна	искрен
искрились	искр
испанец	испанец
исповедовала	исповедова
исполнились	исполн
испортить	испорт
испугавшись	испуга
испугом	испуг
испытывали	испытыва
истасканные	истаска
истинной	истин
источника	источник
истрепанных	истрепа
исчезло	исчезл
иуда	иуд
июне	июн
каблучки	каблучк
каждая	кажд
казалась	каза
казненных	казнен
како	как
калебов	калеб
каменное	камен
каморки	каморк
канат	канат
капельку	капельк
каплет	каплет
капсюль	капсюл
каретах	карет
кармен	карм
картины	картин
карьеру	карьер
катастроф	катастроф
каторжного	каторжн
качал	кача
кашлем	кашл
квартальные	квартальн
квентин	квентин
киеве	киев
кипела	кипел
кирсановский	кирсановск
кишела	кишел
кланявшиеся	кланя
клеенчатый	клеенчат
кликни	кликн
клонило	клон
клюках	клюк
клясться	кляст
книжке	книжк
княжны	княжн
коварству	коварств
когса	когс
козы	коз
колбасы	колбас
колени	колен
колею	кол
колокольни	колокольн
колотится	колот
кольца	кольц
командировку	командировк
комку	комк
комок	комок
конго	конг
константином	константин
контрдансов	контрданс
концерт	концерт
кончиком	кончик
конюшне	конюшн
копна	копн
корзинку	корзинк
кормил	корм
коробочке	коробочк
коротеньком	коротеньк
коры	кор
коснулось	коснул
костюме	костюм
котенком	котенк
кофеем	кофе
кошачьи	кошач
крайней	крайн
красе	крас
красит	крас
красноватое	красноват
красой	крас
края	кра
крепится	креп
крепясь	креп
крестную	крестн
кривизны	кривизн
кринолине	кринолин
кровавой	кровав
кровотечение	кровотечен
кротость	кротост
круглое	кругл
кружево	кружев
крупой	круп
крылатый	крылат
крытая	крыт
кряхтите	кряхт
кузнецов	кузнец
кулыгина	кулыгин
купания	купан
купца	купц
курицу	куриц
курьеру	курьер
кусте	куст
кухню	кухн
кушак	кушак
лавиза	лавиз
лаврентия	лаврент
лазаревич	лазаревич
лакированные	лакирова
ларцов	ларц
ласково	ласков
лба	лба
левого	лев
легкой	легк
леденея	ледене
лежанку	лежанк
лезут	лезут
ленивее	ленив
лень	лен
лесе	лес
лесть	лест
летите	лет
лечебницу	лечебниц
либералы	либерал
лизаветой	лизавет
лимонничаешь	лимоннича
липпи	липп
листьев	лист
лихом	лих
лицом	лиц
лишений	лишен
лоб	лоб
логическая	логическ
ложи	лож
локоть	локот
ломберными	ломберн
лопахину	лопахин
лососина	лососин
лошадь	лошад
лука	лук
луку	лук
лучинку	лучинк
лысину	лысин
льстивый	льстив
любезные	любезн
любимым	любим
любовных	любовн
любуясь	любу
людскому	людск
лязбиля	лязбил
мадемуазель	мадемуазел
мазью	маз
малейшей	мал
малиной	малин
малость	малост
мальчишкой	мальчишк
маменьку	маменьк
манит	ман
мариновали	маринова
марширующих	маршир
массивная	массивн
матвеевича	матвеевич
материалов	материал
матрена	матр
мачтах	мачт
маятником	маятник
мгновенье	мгновен
медикаменты	медикамент
медля	медл
меланхолически	меланхолическ
мелодией	мелод
мелькающие	мелька
ментоны	ментон
мере	мер
мерно	мерн
мертвые	мертв
месте	мест
металлической	металлическ
метр	метр
мечтаешь	мечта
мечтой	мечт
мешают	меша
ми	ми
миколай	микола
милитрисе	милитрис
милосердые	милосерд
мимо	мим
миновать	минова
минуточку	минуточк
мирной	мирн
мистическое	мистическ
мицкевича	мицкевич
мнение	мнен
многолюдный	многолюдн
многочисленными	многочислен
могилою	могил
моделью	модел
мозаи	моза
мокрыми	мокр
молитвенный	молитвен
молоденькой	молоденьк
молоко	молок
молчаливые	молчалив
молясь	мол
монологи	монолог
морем	мор
морское	морск
москве	москв
мостом	мост
мошенника	мошенник
мрачно	мрачн
мудреные	мудрен
мужественным	мужествен
мужчин	мужчин
мук	мук
мускулов	мускул
мухоярова	мухояров
мученье	мучен
мучительную	мучительн
мчаться	мчат
мыслительной	мыслительн
мышления	мышлен
мягче	мягч
набавил	набав
набита	набит
набожных	набожн
наваждения	наважден
наверчено	наверч
наводнение	наводнен
навязываться	навязыва
нагнула	нагнул
нагреется	нагреет
надев	над
надела	надел
надеялся	надея
надобности	надобн
надругается	надруга
надумается	надума
назвал	назва
назначаю	назнача
называем	называ
наиболее	наибол
найдены	найд
наказанье	наказан
накладет	накладет
наклонною	наклон
накричит	накрич
налгал	налга
налиновал	налинова
намекавший	намека
намерений	намерен
нанималась	нанима
напал	напа
напечатать	напечата
написаны	написа
напой	нап
наполню	наполн
напоминающий	напомина
направлению	направлен
напрягает	напряга
напугано	напуга
нарезался	нареза
наружно	наружн
нарушено	наруш
наряжаются	наряжа
насильно	насильн
наслаждаясь	наслажд
насмешками	насмешк
наставлений	наставлен
настасьюшка	настасьюшк
настоятельно	настоятельн
настроим	настро
насылая	насыл
наточи	наточ
наугад	наугад
нафталином	нафталин
нахмурился	нахмур
нахожу	нахож
начальника	начальник
начесть	начест
начинающая	начина
нашей	наш
не	не
неблагодарность	неблагодарн
небольшое	небольш
небывалая	небывал
неведомо	неведом
неверный	неверн
невиданного	невида
невнимания	невниман
невозмутимого	невозмутим
невредимый	невредим
невыстоявшеюся	невыстоя
негодуя	негоду
недалечко	недалечк
недоброжелательством	недоброжелательств
недогляди	недогляд
недостойному	недостойн
недоумения	недоумен
нежданные	нежда
нежность	нежност
незаконною	незакон
нездоров	нездор
незнакомцами	незнакомц
неизбежный	неизбежн
неизменный	неизмен
неистовой	неистов
некормленая	некормлен
некрепок	некрепок
нелицемерной	нелицемерн
немеет	немеет
немки	немк
нему	нем
ненавидит	ненавид
ненадежно	ненадежн
ненужные	ненужн
необходимою	необходим
необыкновенную	необыкновен
неожиданною	неожида
неопрятен	неопрят
неотвязная	неотвязн
неотъемлемо	неотъемлем
неподвижное	неподвижн
непоколебимой	непоколебим
непосвященные	непосвящен
неправленный	неправлен
неприготовленную	неприготовлен
непричесанной	непричеса
непробудно	непробудн
непрядва	непрядв
неразрешимы	неразрешим
нервы	нерв
несвежую	несвеж
нескольку	нескольк
неслыханному	неслыха
несомненно	несомнен
несправедливостью	несправедлив
несущий	несущ
несчастную	несчастн
нетерпеливо	нетерпелив
неувядающим	неувяда
неудобств	неудобств
неукротимей	неукротим
неумолчные	неумолчн
неучтиво	неучтив
нечесаный	нечесан
неясно	неясн
нижнею	нижн
низменный	низмен
никиты	никит
николай	никола
нисходила	нисход
ничему	нич
ничьих	нич
нных	нных
новому	нов
ноге	ног
ножницами	ножниц
норовил	норов
носками	носк
ноты	нот
ночует	ноч
нравитесь	нрав
нудная	нудн
нужным	нужн
ньютон	ньютон
об	об
обвивали	обвива
обводила	обвод
обдумаем	обдума
обедаю	обеда
обезуме	обезум
обеспечение	обеспечен
обещал	обеща
обжора	обжор
обидчику	обидчик
обилия	обил
обладателем	обладател
облегчить	облегч
облить	обл
облокотившись	облокот
обломовскую	обломовск
обманутое	обманут
обмеривали	обмерива
обнажил	обнаж
обнимаются	обнима
ободком	ободк
обожая	обож
обоими	обо
обомлел	обомлел
оборвыш	оборвыш
обоюдное	обоюдн
образован	образова
образцовый	образцов
обращает	обраща
обращенном	обращен
оброке	оброк
обрушились	обруш
обставленная	обставлен
обстроилась	обстро
обугленный	обуглен
обходиться	обход
обществе	обществ
объемом	объем
объяснение	объяснен
объясняет	объясня
обыкновение	обыкновен
обычаи	обыча
обязаны	обяза
овладевать	овладева
огарок	огарок
оглядывайся	оглядыва
огневой	огнев
огоньком	огоньк
огорчить	огорч
огромней	огромн
одеваешься	одева
оденется	оденет
одеяние	одеян
одиночестве	одиночеств
однократное	однократн
одолеваемый	одолева
одутловатым	одутловат
оживлю	оживл
ожидая	ожид
озарялись	озаря
ознакомиться	ознаком
оказываемым	оказыва
океаны	океа
окну	окн
окончательного	окончательн
окошка	окошк
округлости	округл
октябрь	октябр
олово	олов
омрачением	омрачен
оно	он
опасно	опасн
оперном	оперн
описывать	описыва
опомнись	опомн
оправдываешь	оправдыва
определен	определ
опробую	опроб
опускаем	опуска
опустила	опуст
опущенными	опущен
орали	ора
ордою	орд
оробевшая	оробевш
освежает	освежа
освободи	освобод
осенней	осен
осклабясь	осклаб
оскорблю	оскорбл
ослепительным	ослепительн
осматриваю	осматрива
осмотрится	осмотр
основная	основн
особо	особ
оставалось	остава
оставлять	оставля
остальным	остальн
остановил	останов
останьтесь	останьт
осторожность	осторожн
острожной	острожн
осудили	осуд
осыпает	осыпа
отбросила	отброс
отверженец	отверженец
ответили	ответ
отвечу	отвеч
отворачиваясь	отворачив
отворотясь	отворот
отвратительный	отвратительн
отговорка	отговорк
отдайтесь	отда
отдашь	отдаш
отделываться	отделыва
отдохнул	отдохнул
отец	отец
откажемся	откаж
отказывайтесь	отказыва
откликаясь	отклик
откровенны	откровен
открывая	открыв
открытыми	открыт
отливать	отлива
отложив	отлож
отменные	отмен
отнесся	отнес
отношение	отношен
отогрел	отогрел
отолщением	отолщен
отпаривал	отпарива
отплясывал	отплясыва
отправленью	отправлен
отпускает	отпуска
отравиться	отрав
отрастил	отраст
отрекся	отрек
отрывается	отрыва
отслужу	отслуж
отстану	отстан
отступишься	отступ
отталкивающим	отталкива
оттянулось	оттянул
отцам	отц
отчаянии	отчаян
отчеканилась	отчекан
отъезда	отъезд
отыскивать	отыскива
официальным	официальн
охлаждается	охлажда
охраняет	охраня
очарования	очарован
очерк	очерк
очнувшийся	очнувш
ошибался	ошиба
ощупал	ощупа
пава	пав
падаю	пада
паек	паек
палимый	палим
пальчика	пальчик
панна	пан
папеньки	папеньк
параболу	парабол
парикмахера	парикмахер
пароходы	пароход
пастил	паст
патриархальной	патриархальн
паче	пач
певучее	певуч
пей	пе
пене	пен
пеняйте	пеня
первому	перв
переберусь	перебер
перебрал	перебра
перевели	перевел
переводом	перевод
перегнувшись	перегнувш
передает	переда
переднюю	передн
переезде	переезд
переживаю	пережива
перекладывала	перекладыва
перекусил	перекус
перемене	перемен
перемешаны	перемеша
переносить	перенос
переплетом	переплет
перепуталось	перепута
пересиливает	пересилива
переспросил	переспрос
перестаньте	перестаньт
перетаскивать	перетаскива
переходят	переход
перин	перин
перспективу	перспектив
перьев	пер
песнями	песн
петербурга	петербург
петров	петр
петуха	петух
печальный	печальн
печки	печк
пикированная	пикирова
пирожки	пирожк
писаря	писар
письме	письм
питая	пит
пишутся	пишут
плакавших	плака
плане	план
платишь	плат
платьях	плат
плащом	плащ
пленять	пленя
плечо	плеч
плотине	плотин
площадки	площадк
плюй	плю
по	по
победы	побед
побивали	побива
поблескивает	поблескива
побудила	побуд
повалится	повал
повела	повел
поверили	повер
поверх	поверх
повесил	повес
повидать	повида
повлияло	повлия
повострее	повостр
повторю	повтор
поганая	поган
погибли	погибл
поглядеть	поглядет
поговоришь	поговор
погреб	погреб
погруженный	погружен
под	под
подадим	подад
подарите	подар
подбивался	подбива
подвергаемся	подверга
подвигом	подвиг
подгибались	подгиба
поддакивали	поддакива
поддерживала	поддержива
подернут	подернут
подзывали	подзыва
подкрепляющим	подкрепля
подлое	подл
подмонтироваться	подмонтирова
поднимают	поднима
поднялись	подня
подобрал	подобра
подозреваете	подозрева
подозрительных	подозрительн
подошедшего	подошедш
подписки	подписк
подпрыгивать	подпрыгива
подробностями	подробн
подсвечнике	подсвечник
подслушивали	подслушива
подступило	подступ
подтибрил	подтибр
подурнели	подурнел
подходило	подход
подшучивают	подшучива
подь	под
поезжай	поезжа
пожалели	пожалел
пожелав	пожела
пожилая	пожил
позавидовали	позавидова
позволите	позвол
поздний	поздн
познавала	познава
позора	позор
поищи	поищ
поймет	поймет
показался	показа
показываются	показыва
покиванием	покиван
поклонением	поклонен
поклявшись	покля
покойнику	покойник
поколотил	поколот
покорностию	покорн
покраже	покраж
покрыв	покр
покупатели	покупател
полагается	полага
полежал	полежа
полен	пол
полжизни	полжизн
полис	полис
полками	полк
полноводной	полноводн
половецкий	половецк
положении	положен
положительным	положительн
полосой	полос
полсутки	полсутк
полумраке	полумрак
полуторы	полутор
полученных	получен
полшага	полшаг
польскими	польск
поляк	поляк
помедлить	помедл
помертвевшая	помертвевш
помешали	помеша
помещения	помещен
поминок	поминок
помнятся	помн
помолись	помол
помощники	помощник
помышленья	помышлен
понатужиться	понатуж
понимавший	понима
поношенные	поношен
понявший	поня
пообедаем	пообеда
попадая	попад
пописываете	пописыва
попомните	попомн
поправьте	поправьт
попросила	попрос
поработать	поработа
поразила	пораз
поровнялся	поровня
пороховом	порохов
портнихе	портних
поручением	поручен
порфирий	порфир
порывистую	порывист
посади	посад
посев	пос
посещаемых	посеща
посильную	посильн
последнее	последн
последствиями	последств
послушали	послуша
посматривая	посматрив
посмотришь	посмотр
поспеет	поспеет
посредником	посредник
постараетесь	постара
постепенностью	постепен
посторонней	посторон
постоянством	постоянств
постукиванье	постукиван
поступком	поступк
посудой	посуд
потапыча	потапыч
потерпели	потерпел
потеряно	потеря
потолкуем	потолку
потребность	потребн
потрудился	потруд
потупя	потуп
потянуло	потянул
похвалил	похвал
похода	поход
похожего	похож
похоронить	похорон
поцелуемся	поцелу
почерпнутые	почерпнут
починкова	починков
почтении	почтен
почтмейстером	почтмейстер
пошатнется	пошатнет
пошленькой	пошленьк
пошутили	пошут
поэтических	поэтическ
появляться	появля
правду	правд
правительствующий	правительств
прадедушки	прадедушк
праздность	праздност
праха	прах
превосходный	превосходн
пред	пред
предаст	предаст
предвижу	предвиж
предлогами	предлог
предметов	предмет
предотвращение	предотвращен
предположено	предполож
предприятьях	предприят
представила	представ
представляться	представля
предугадает	предугада
предчувствовалась	предчувствова
прежнею	прежн
презрения	презрен
преклонился	преклон
прекрасных	прекрасн
премудрые	премудр
препровождал	препровожда
прерываю	прерыва
престарелая	престарел
преступников	преступник
преувеличенный	преувеличен
прибавит	прибав
прибегают	прибега
приближающееся	приближа
прибыть	приб
привело	привел
привлекательном	привлекательн
привыкает	привыка
привычными	привычн
пригласить	приглас
приглядываться	приглядыва
пригодятся	пригод
приготовлялось	приготовля
приданого	придан
придется	придет
придя	прид
приезжие	приезж
прижал	прижа
призванию	призван
признаки	признак
призраками	призрак
приищете	приищет
приказывает	приказыва
приковываться	приковыва
прикрытую	прикрыт
прилеплялся	прилепля
приличною	приличн
приманивала	приманива
примесью	примес
примешивал	примешива
принадлежавшая	принадлежа
принесенных	принесен
принимавшие	принима
приносились	принос
приняв	приня
приобретала	приобрета
припадка	припадк
приписывает	приписыва
припоминался	припомина
припухшею	припухш
присев	прис
прислуги	прислуг
приснилась	присн
пристает	приста
пристукнуло	пристукнул
присутствующим	присутств
притворе	притвор
притон	притон
приходивший	приход
прихотливо	прихотлив
прической	прическ
пришедши	пришедш
прищурилась	прищур
приятнейшие	приятн
пробежала	пробежа
пробовала	пробова
пробуждались	пробужда
проведение	проведен
провизию	провиз
провожала	провожа
проврался	провра
проговорился	проговор
прогрессу	прогресс
продается	прода
продержали	продержа
продолжаться	продолжа
продуктов	продукт
прожектор	прожектор
прожить	прож
прозрения	прозрен
произвело	произвел
произносить	произнос
происшествии	происшеств
проказнику	проказник
проклятое	проклят
пролежал	пролежа
проливая	пролив
промежуточная	промежуточн
промычит	промыч
пронзи	пронз
проницательнее	проницательн
пропадающие	пропада
пропеллер	пропеллер
пропуская	пропуск
проронил	пророн
просвещение	просвещен
просился	прос
прославить	прослав
проснувшаяся	проснувш
простая	прост
простит	прост
простокваши	простокваш
простою	прост
просты	прост
просыпалось	просыпа
протекли	протекл
противная	противн
противоречии	противореч
протягивал	протягива
протянутый	протянут
прохладные	прохладн
проходят	проход
процентщицу	процентщиц
прочитанное	прочита
прошедшего	прошедш
прошлому	прошл
прощаться	проща
проявлялась	проявля
прусскую	прусск
прытью	прыт
пряности	пряност
психологически	психологическ
птичек	птичек
пугаете	пуга
пугливых	пуглив
пулю	пул
пускала	пуска
пустить	пуст
пустынного	пустын
путал	пута
путилки	путилк
пушистые	пушист
пшеницыну	пшеницын
пыльного	пыльн
пышнейшее	пышн
пьющих	пьющ
пьяную	пьян
пятидесятилетнему	пятидесятилетн
пятнах	пятн
раб	раб
работают	работа
равенство	равенств
равны	равн
радостн	радостн
раз	раз
разбирать	разбира
разболелась	разболел
разбудит	разбуд
развернулись	развернул
развиваются	развива
разводя	развод
развязка	развязк
разглядела	разглядел
разговора	разговор
разгульного	разгульн
раздвигаются	раздвига
раздельно	раздельн
раздражать	раздража
раздражит	раздраж
раздумал	раздума
разинутым	разинут
разлитого	разлит
разлучаться	разлуча
размен	разм
размышлении	размышлен
разноличного	разноличн
разную	разн
разодранной	разодра
разорение	разорен
разразились	разраз
разрешиться	разреш
разрушиться	разруш
разуверить	разувер
разумихину	разумихин
разъяснилось	разъясн
разыщу	разыщ
ранен	ран
раскаивался	раскаива
раскладывать	раскладыва
раскрывают	раскрыва
распечатали	распечата
расплатишься	расплат
расположение	расположен
распоряжениям	распоряжен
распугала	распуга
рассажены	рассаж
рассеялось	рассея
рассказал	рассказа
рассказываю	рассказыва
рассмешил	рассмеш
расставив	расстав
расстоянии	расстоян
рассудив	рассуд
рассуждение	рассужден
рассыпался	рассыпа
растерянные	растеря
растреклятого	растреклят
расхода	расход
расчета	расчет
расщедрился	расщедр
рвануться	рванут
ребра	ребр
ревнивый	ревнив
редакция	редакц
резать	реза
резкость	резкост
рекомендации	рекомендац
ремесла	ремесл
ресницы	ресниц
речка	речк
решен	реш
решилась	реш
решоткой	решотк
рискнула	рискнул
риторика	риторик
робостью	робост
рода	род
родителей	родител
родных	родн
роду	род
рождение	рожден
розно	розн
роковые	роков
романовна	романовн
ропщу	ропщ
российский	российск
роялем	роял
рубежей	рубеж
рублями	рубл
ружье	руж
рукомойнику	рукомойник
русалке	русалк
рутина	рутин
ручонками	ручонк
рыдалось	рыда
рысак	рысак
рябину	рябин
савиновых	савинов
садовника	садовник
сажусь	саж
салфетку	салфетк
самозабвением	самозабвен
самопожертвования	самопожертвован
самый	сам
сарай	сара
сахарная	сахарн
сбиваете	сбива
сбитый	сбит
сбрось	сбро
свалился	свал
свежего	свеж
сверкавшие	сверка
свернулись	свернул
свести	свест
светленькие	светленьк
светский	светск
свивает	свива
свидетеля	свидетел
свирепо	свиреп
свободнее	свободн
своеволья	своевол
свойственную	свойствен
связи	связ
святынею	святын
сглупил	сглуп
сгоряча	сгоряч
сдаются	сдают
сделалось	сдела
сдержанных	сдержа
себятешение	себятешен
седла	седл
секретами	секрет
селам	сел
семейном	семейн
семеновне	семеновн
семь	сем
сенным	сен
серая	сер
сердимся	серд
серебро	серебр
серенькое	сереньк
серьезной	серьезн
сесть	сест
сжало	сжал
сибири	сибир
сиди	сид
силача	силач
сильную	сильн
симпатичная	симпатичн
синими	син
сирени	сирен
ситцевое	ситцев
сияют	сия
сказаль	сказал
сказывала	сказыва
скальда	скальд
скаредном	скаредн
скверных	скверн
скитальцев	скитальц
склоне	склон
склонясь	склон
скользила	скольз
сконфуженный	сконфужен
скорбь	скорб
скот	скот
скрестив	скрест
скрипучие	скрипуч
скрываете	скрыва
скрыто	скрыт
скуку	скук
скучен	скуч
слабенькая	слабеньк
славит	слав
сладким	сладк
слева	слев
следовательно	следовательн
слез	слез
слепя	слеп
слилась	слил
словом	слов
сложил	слож
сломили	слом
службе	служб
слуха	слух
случайный	случайн
слушавший	слуша
слушая	слуш
слышанное	слыша
смазанные	смаза
смейтесь	смейт
сменился	смен
смертного	смертн
смехе	смех
смешно	смешн
смеяться	смея
смогли	смогл
смородинную	смородин
смотрит	смотр
смуглых	смугл
смущался	смуща
смысла	смысл
смятенная	смятен
снегу	снег
снизойти	снизойт
снисходительного	снисходительн
сносное	сносн
собак	собак
собираемся	собира
соблазнительную	соблазнительн
собравшимися	собра
собственноручно	собственноручн
совершает	соверша
совершено	соверш
советником	советник
совокупность	совокупн
согласилась	соглас
соглашусь	соглаш
содрал	содра
сожалею	сожал
созданию	создан
сознавала	сознава
сознательные	сознательн
сойдутся	сойдут
сокрушением	сокрушен
солиднейший	солидн
соловьином	соловьин
сомневаешься	сомнева
сонечкиной	сонечкин
соню	сон
сообразные	сообразн
соответственного	соответствен
сопровождает	сопровожда
сорвалась	сорва
соромники	соромник
соскочить	соскоч
сосредоточенный	сосредоточен
составлялись	составля
состоялось	состоя
сосчитал	сосчита
софой	соф
сохранявшегося	сохраня
сочинениях	сочинен
сочувствовать	сочувствова
спадет	спадет
спасем	спас
спасши	спасш
спешил	спеш
спиралью	спирал
сплело	сплел
спокой	спок
спора	спор
способное	способн
спотыкаясь	спотык
справляться	справля
спросила	спрос
спрятаны	спрята
спустила	спуст
спящим	спящ
сребристой	сребрист
средством	средств
ссадил	ссад
ссыльные	ссыльн
стада	стад
сталкиваясь	сталкив
становилось	станов
старается	стара
старики	старик
старо	стар
старухиными	старухин
старше	старш
статские	статск
стеганые	стеган
стенами	стен
степным	степн
стесненной	стеснен
стирка	стирк
стлив	стлив
столба	столб
столкнувшись	столкнувш
столяра	столяр
сторон	сторон
стоявшую	стоя
страдании	страдан
странен	стран
странный	стран
страстными	страстн
страшного	страшн
стрельбы	стрельб
стриндберга	стриндберг
строем	стро
строчку	строчк
струю	стру
стужа	стуж
стул	стул
ступила	ступ
стучусь	стуч
стыдно	стыдн
субъектами	субъект
судишь	суд
судьбы	судьб
суешь	суеш
сулящих	суля
сумеет	сумеет
сумрачно	сумрачн
супружеского	супружеск
суровые	суров
сухая	сух
существенного	существен
сфер	сфер
схватывая	схватыв
сходную	сходн
сценой	сцен
счастливцев	счастливц
считаемся	счита
съедаю	съеда
съест	съест
сыне	сын
сыру	сыр
сыщу	сыщ
та	та
таим	та
тайное	тайн
таково	таков
талантливее	талантлив
тамошнего	тамошн
тарантьев	тарант
таскаль	таскал
таюсь	та
твердо	тверд
твой	тво
тебе	теб
телеграфе	телеграф
телятину	телятин
темной	темн
тенистый	тенист
теперешних	теперешн
теплых	тепл
терпевшая	терпевш
теряете	теря
теснитесь	тесн
теткой	тетк
тешат	тешат
тиски	тиск
тихую	тих
товар	товар
тоже	тож
толковал	толкова
толпились	толп
толстыми	толст
томительною	томительн
томными	томн
тонких	тонк
топил	топ
топтал	топта
торгует	торг
торжествующею	торжеств
торопятся	тороп
тосковать	тоскова
точку	точк
трав	трав
трактирам	трактир
траур	траур
требуемые	требуем
тревожил	тревож
треволнения	треволнен
трепетавших	трепета
треплеву	треплев
третьему	трет
трещать	треща
триумф	триумф
троекратным	троекратн
тропе	троп
трофимовым	трофимов
трудам	труд
трудовая	трудов
трусишки	трусишк
тряхнул	тряхнул
тулон	тулон
туманы	тума
турецкий	турецк
туче	туч
тый	ты
тьфу	тьфу
тяготеют	тяготеют
тяжелом	тяжел
тянуть	тянут
убедить	убед
убежденьях	убежден
убивство	убивств
убирая	убир
убрал	убра
убьешься	убьеш
уведите	увед
увеличился	увелич
уверовала	уверова
увести	увест
увижусь	увиж
увлечены	увлеч
угадает	угада
угасло	угасл
угль	угл
уголке	уголк
угрожал	угрожа
угрюмый	угрюм
удаляться	удаля
удастся	удаст
удерживайте	удержива
удивительном	удивительн
удивлял	удивля
удовлетворения	удовлетворен
удостаивают	удостаива
уединение	уединен
уезжает	уезжа
ужасам	ужас
ужасными	ужасн
уз	уз
узнавали	узнава
узором	узор
указала	указа
укладкой	укладк
укоризной	укоризн
укрепит	укреп
улегшись	улегш
улицах	улиц
уложено	улож
улыбаясь	улыб
умалчиваю	умалчива
умеренная	умерен
умеют	умеют
умнейший	умн
умозрительным	умозрительн
умоляюще	умоляющ
умчались	умча
унесли	унесл
унизился	униз
уничтожиться	уничтож
упадал	упада
упирал	упира
упокоил	упоко
упорно	упорн
управитель	управител
упрашивать	упрашива
упругих	упруг
ураган	урага
уронил	урон
усаживая	усажив
усидишь	усид
ускользала	ускольза
услуга	услуг
усмехаясь	усмех
усопшем	усопш
успехов	успех
успокоит	успоко
уставая	устав
усталости	устал
устареете	устареет
устремлен	устремл
устроится	устро
усчитать	усчита
утер	утер
утешительное	утешительн
утомился	утом
утонула	утонул
утра	утр
утром	утр
ухитрись	ухитр
уходя	уход
участии	участ
ученой	учен
учителей	учител
уши	уш
уязвило	уязв
фактам	факт
фальшивую	фальшив
фантазий	фантаз
фарфоровых	фарфоров
федора	федор
ферулой	ферул
физиономию	физионом
философская	философск
фирса	фирс
флоренция	флоренц
фоне	фон
формой	форм
фразер	фразер
француза	француз
фуражечку	фуражечк
фье	фье
характеристике	характеристик
харьковские	харьковск
хватало	хвата
хераскова	херасков
хитрить	хитр
хищный	хищн
хлестала	хлеста
хлопотливые	хлопотлив
хмелел	хмелел
ходи	ход
хозе	хоз
хозяйского	хозяйск
холмов	холм
холодным	холодн
хоровую	хоров
хорошим	хорош
хохота	хохот
хранил	хран
хриплый	хрипл
хрусталь	хрустал
художественное	художествен
царевна	царевн
царьграда	царьград
цветники	цветник
целковыми	целков
целость	целост
цена	цен
цепной	цепн
цикорию	цикор
цифры	цифр
