a	a
abandonaron	abandon
abarrotó	abarrot
abatirse	abat
abiel	abiel
aboagay	aboagay
abordaban	abord
aborto	abort
abriendo	abriend
abrirá	abrir
absolutoria	absolutori
abstuviera	abstuv
abuelitos	abuelit
abuso	abus
acabo	acab
acapara	acap
acataré	acat
accesorios	accesori
acciones	accion
aceleró	aceler
aceptados	acept
acer	acer
acercarán	acerc
acervo	acerv
acicalar	acical
aclarara	aclar
acomodar	acomod
acompañaron	acompañ
aconsejar	aconsej
acordado	acord
acostumbra	acostumbr
acrecentarlo	acrecent
acróbata	acrobat
activos	activ
actualice	actualic
actúa	actu
acudiremos	acud
acumula	acumul
acusación	acus
acuática	acuat
adaptado	adapt
adecuada	adecu
adelantado	adelant
adelgazar	adelgaz
adherencia	adherent
aditamento	aditament
administraciones	administr
admirar	admir
adolfo	adolf
adopten	adopt
adquieren	adquier
adquisitivo	adquisit
adulto	adult
advertising	advertising
aerolínea	aeroline
aerógrafo	aerograf
afectados	afect
afectó	afect
afiliada	afili
afirmaciones	afirm
aflojadas	afloj
afro	afro
afín	afin
agente	agent
aglomeraciones	aglomer
agotándolos	agot
agrado	agrad
agredidos	agred
agremiados	agremi
agrio	agri
agrícola	agricol
aguascalientes	aguascalient
aguja	aguj
ahora	ahor
ahorros	ahorr
aislacionismo	aislacion
ajenos	ajen
al	al
alanís	alan
alatriste	alatr
albert	albert
alcaldesa	alcaldes
alcanzaba	alcanz
alcanzaría	alcanz
alegara	aleg
alejado	alej
alemania	alemani
alex	alex
algas	algas
aliados	ali
aligerar	aliger
alimentos	aliment
aljibes	aljib
almacenada	almacen
almuerzo	almuerz
altamirano	altamiran
alterna	altern
altura	altur
alumno	alumn
alzheimer	alzheim
amagó	amag
amargos	amarg
amas	amas
ambientación	ambient
ambulancia	ambul
amenazando	amenaz
americanistas	american
amigos	amig
amonestaba	amonest
amparar	ampar
ampliar	ampli
amuelan	amuel
analistas	anal
analizaría	analiz
ancianas	ancian
ande	ande
anestesia	anestesi
angelitos	angelit
angustiada	angusti
animar	anim
anotando	anot
ante	ante
anteriormente	anterior
anticipando	anticip
antidumping	antidumping
antinépota	antinepot
antropólogo	antropolog
anunciadas	anunci
anáhuac	anahuac
apacible	apac
aparecen	aparec
aparentó	aparent
apasionado	apasion
apelarán	apel
aplastaron	aplast
aplica	aplic
aplicarse	aplic
apoda	apod
aportación	aport
apostar	apost
apoyara	apoy
apoyándonos	apoy
aprecio	apreci
aprendices	aprendic
apresuró	apresur
aprobada	aprob
apropiado	apropi
aproveche	aprovech
aptitud	aptitud
apuntó	apunt
aquiles	aquil
aranceles	arancel
arbitrio	arbitri
arcoiris	arcoiris
argentinabrasil	argentinabrasil
arias	ari
armadas	armad
armenio	armeni
arnoldo	arnold
arqueólogos	arqueolog
arrambide	arrambid
arrastrados	arrastr
arreglan	arregl
arrendamiento	arrend
arriba	arrib
arrobamiento	arrob
arrojó	arroj
arrópese	arropes
artesanas	artesan
arturo	artur
as	as
asaltos	asalt
ascenso	ascens
asegurar	asegur
asentamientos	asent
asesor	asesor
aseveró	asever
asignado	asign
asiste	asist
asistían	asist
asombradas	asombr
aspira	aspir
astroditomas	astroditom
asumimos	asum
asómbrese	asombres
atacará	atac
atascón	atascon
atendida	atend
atenten	atent
atinadamente	atin
atmosférica	atmosfer
atractivos	atract
atraso	atras
atribuirse	atribu
atuendos	atuend
audiencia	audienci
augurio	auguri
aumentará	aument
aurora	auror
austeras	auster
autobús	autobus
automatizados	automatiz
automáticas	automat
autoridad	autor
autorizando	autoriz
autárticos	autart
auxiliares	auxiliar
avalaremos	aval
avanzando	avanz
aventaja	aventaj
aves	aves
avisará	avis
ayer	ayer
ayudarle	ayud
azar	azar
azufre	azufr
aéreos	aere
babilonia	babiloni
baila	bail
bajando	baj
bala	bal
balazos	balaz
balompié	balompi
bancarias	bancari
bandera	bander
banoro	banor
barandilla	barandill
barco	barc
barrenechea	barreneche
barro	barr
basada	bas
basen	bas
bastó	bast
batallar	batall
bateó	bate
baz	baz
bch	bch
bebé	beb
begonia	begoni
belgas	belg
benavente	benavent
beneficiada	benefici
beneficioso	benefici
beregovoy	beregovoy
bernabé	bernab
besara	bes
biberón	biberon
bien	bien
bigote	bigot
bills	bills
bipolar	bipol
blackhawks	blackhawks
blasa	blas
bloqueando	bloqu
boca	boc
bofetón	bofeton
boleo	bole
bolsas	bols
bondadoso	bondad
bordados	bord
borrador	borrador
bosnio	bosni
botellas	botell
bovary	bovary
braceaba	brac
brasilia	brasili
bremond	bremond
brillaban	brill
brindarles	brind
brito	brit
bromista	bromist
brothers	brothers
brutal	brutal
buenas	buen
bulgaria	bulgari
burlar	burl
bursátiles	bursatil
buscar	busc
buscó	busc
bytes	bytes
bérgamo	bergam
cabales	cabal
cabello	cabell
cabos	cab
caciques	caciqu
cadáveres	cadaver
caigan	caig
calcinado	calcin
caldeado	cald
calibración	calibr
calificado	calific
californiano	californian
calloway	calloway
calzada	calz
camarón	camaron
cambiarlos	cambi
camellón	camellon
caminos	camin
camorristas	camorr
campeones	campeon
canadian	canadi
canapés	canapes
canciller	cancill
candidatura	candidatur
canolas	canol
cantar	cant
caoba	caob
capacitar	capacit
capitalista	capital
caporal	caporal
capten	capt
caracteriza	caracteriz
caravana	caravan
carcaño	carcañ
cardán	cardan
carentes	carent
cargas	carg
caridad	carid
carlota	carlot
carnicero	carnicer
carranza	carranz
carriles	carril
carruajes	carruaj
carteras	carter
casando	cas
caseta	caset
casquillos	casquill
castigadas	castig
castruita	castruit
catamo	catam
catedrática	catedrat
católica	catol
causaefecto	causaefect
cautivarlos	cautiv
cazadoras	cazador
cañones	cañon
cebada	ceb
cedido	ced
celebración	celebr
celebró	celebr
celébrelas	celebrel
cenefas	cenef
centenar	centen
centroamericano	centroamerican
cepillan	cepill
cerdo	cerd
cerraban	cerr
cerrarán	cerr
certificados	certific
cesar	ces
cevallos	cevall
chamarras	chamarr
chapa	chap
charlas	charl
chatarra	chatarr
checar	chec
cheraw	cheraw
chicago	chicag
chiguagua	chiguagu
chima	chim
chismosa	chismos
chocarán	choc
chris	chris
chupando	chup
cicatrización	cicatriz
ciencias	cienci
ciertas	ciert
cimbraría	cimbr
cines	cin
circo	circ
circularía	circul
cisneros	cisner
citen	cit
civil	civil
clanes	clan
clase	clas
claudia	claudi
claxon	claxon
closet	closet
clínica	clinic
cnsf	cnsf
coatlicue	coatlicu
cobrar	cobr
coca	coc
cocó	coc
coger	cog
coincidencias	coincident
colaboración	colabor
colcha	colch
colectivamente	colect
colgadas	colg
collor	collor
colocarla	coloc
colonial	colonial
colorísticos	colorist
columneja	columnej
comandos	comand
combinación	combin
combustibles	combust
comentada	coment
comente	coment
comenzó	comenz
comerciante	comerci
cometer	comet
comidas	com
comisionó	comision
comodones	comodon
comparados	compar
compartido	compart
compatibles	compat
compensación	compens
competidores	competidor
compite	compit
complementan	complement
completarían	complet
complicarse	complic
composiciones	composicion
comprar	compr
comprendas	comprend
comprimida	comprim
comprometieran	compromet
compuesta	compuest
computo	comput
comunicarse	comunic
comuníqueme	comuniquem
concebían	conceb
concentradas	concentr
conceptual	conceptual
concesión	concesion
conciliar	concili
concluyan	conclu
concretarse	concret
concursan	concurs
condenadas	conden
condicionan	condicion
conduciendo	conduc
condujo	conduj
confección	confeccion
confiaba	confi
confidencias	confident
confio	confi
conformaban	conform
confrontando	confront
congelación	congel
congregación	congreg
conjuga	conjug
conjura	conjur
connotación	connot
conocerán	conoc
conoció	conoc
consagró	consagr
conseguirle	consegu
conservaba	conserv
conservó	conserv
consideran	consider
consideró	consider
consiguieron	consigu
consolidadas	consolid
constante	constant
constituciones	constitu
constituye	constitu
construida	constru
construyó	constru
consultivo	consult
consumirán	consum
contactar	contact
contaminación	contamin
contarán	cont
contemple	contempl
contenido	conten
contestara	contest
continente	continent
continuara	continu
contorsionarse	contorsion
contradice	contradic
contraproducentes	contraproducent
contratación	contrat
contratistas	contrat
contribuyente	contribuyent
controlar	control
contundentemente	contundent
convencida	convenc
convenidos	conven
conversión	conversion
convierta	conviert
convivio	convivi
convoquen	convoqu
cooperativa	cooper
coordinando	coordin
coraje	coraj
cordón	cordon
coronación	coron
corporativo	corpor
correctamente	correct
correlon	correlon
correspondencia	correspondent
corriendo	corr
corrompa	corromp
cortado	cort
cortesía	cortes
coruña	coruñ
coss	coss
costee	coste
costuras	costur
cotización	cotiz
cox	cox
creacion	creacion
crearles	cre
crecerá	crec
credencialización	credencializ
creerme	cre
creíbles	creibl
criminalidad	criminal
cristianos	cristian
criticaron	critic
cronómetros	cronometr
cruenta	cruent
cruzó	cruz
crónicas	cronic
cuadros	cuadr
cuantas	cuant
cuartos	cuart
cubierta	cubiert
cubrió	cubr
cuelgue	cuelg
cuernavaca	cuernavac
cuestionados	cuestion
cuidadas	cuid
cuitlahuac	cuitlahuac
culpables	culpabl
cultos	cult
cumplidas	cumpl
cumplió	cumpl
curandero	curander
cursaron	curs
cuyas	cuy
cuño	cuñ
cárceles	carcel
célebre	celebr
cívicas	civic
cómodas	comod
cúbicos	cubic
dahn	dahn
dan	dan
darnos	darn
dato	dat
dañadas	dañ
dean	dean
deberán	deb
debilita	debilit
debíamos	deb
decenas	decen
decidido	decid
decirles	dec
declaraban	declar
declinación	declin
decremento	decrement
dedazos	dedaz
dedicarnos	dedic
deduje	deduj
defendía	defend
deficiencias	deficient
definido	defin
definía	defin
degüello	degüell
dejando	dej
dejemos	dej
dele	del
delia	deli
delincuente	delincuent
delsur	delsur
demandaron	demand
democracia	democraci
demográficas	demograf
demostraron	demostr
denominada	denomin
dentales	dental
denunciarán	denunci
dependen	depend
deportes	deport
depositario	depositari
depuradísima	depuradisim
deri	deri
dermatológica	dermatolog
derribado	derrib
derrotó	derrot
desafió	desaf
desahucio	desahuci
desalojo	desaloj
desaparecido	desaparec
desarme	des
desarrollará	desarroll
desayunar	desayun
desburocratizar	desburocratiz
descansos	descans
descartado	descart
descentralizarse	descentraliz
desconfiara	desconfi
desconoció	desconoc
descripción	descripcion
descubrieron	descubr
desdeñar	desdeñ
deseas	des
desempaña	desempañ
desenfreno	desenfren
desequilibrio	desequilibri
desfiguros	desfigur
desgañitan	desgañit
deshumanizó	deshumaniz
desigualdad	desiguald
desistieran	desist
deslizarse	desliz
desmoralizarnos	desmoraliz
desorden	desord
despedida	desped
despejar	despej
despido	desp
desplazarla	desplaz
despojo	despoj
despropósito	desproposit
destacados	destac
destemplado	destempl
destinen	destin
destruye	destru
desviar	desvi
detalla	detall
detectada	detect
detenerme	deten
determina	determin
determinará	determin
deudas	deud
devoción	devocion
dia	dia
diamante	diamant
dice	dic
dictadas	dict
diego	dieg
diferencia	diferent
dificilmente	dificil
difundir	difund
digestión	digestion
dihigo	dihig
diligencias	diligent
dimitri	dimitri
dinámicos	dinam
diputa	diput
directivas	direct
dirigible	dirig
dirigían	dirig
disciplina	disciplin
discretos	discret
discutirse	discut
diseñar	diseñ
disfrutando	disfrut
disimular	disimul
disminuyó	disminu
disparó	dispar
dispongo	dispong
disputa	disput
distancias	distanci
distintivo	distint
distribuidoras	distribuidor
distribuía	distribu
diversificándose	diversific
dividido	divid
divisoria	divisori
diócesis	diocesis
dobles	dobl
doctora	doctor
documentos	document
dolosa	dolos
dominador	domin
dominó	domin
donan	don
dora	dor
dorsal	dorsal
doña	doñ
dramáticos	dramat
drásticas	drastic
duela	duel
dunkin	dunkin
duquesa	duques
durarán	dur
dye	dye
décima	decim
díez	diez
earl	earl
echando	echand
echó	echo
economia	economi
ecotaxi	ecotaxi
eder	eder
ediles	edil
editorialista	editorial
educar	educ
efectividad	efect
efectuaría	efectu
eficientemente	eficient
egoísmo	egoism
ejecuta	ejecut
ejecutivos	ejecut
ejercicios	ejercici
elaborado	elabor
electo	elect
electrónica	electron
elegirá	eleg
elevadas	elev
eligen	elig
eliminará	elimin
ellas	ellas
eloxochitlán	eloxochitlan
em	em
embarazosa	embaraz
embistió	embist
embutidos	embut
eminencia	eminent
emitidos	emit
emocional	emocional
empantanadas	empantan
empecé	empec
empezará	empez
empleado	emple
emprendiendo	emprend
empujar	empuj
encabezaron	encabez
encanta	encant
encarga	encarg
encargué	encarg
encerar	encer
encierro	encierr
encontrados	encontr
encontrársele	encontrarsel
encuentros	encuentr
endocrinología	endocrinolog
enervantes	enerv
enfiladas	enfil
enfrenta	enfrent
enfrentarse	enfrent
engañado	engañ
engrandecer	engrandec
enlisten	enlist
enormemente	enorm
enríquez	enriquez
ensenada	ensen
ensoberbecerse	ensoberbec
entenderé	entend
enterarse	enter
entiende	entiend
entran	entran
entrecano	entrecan
entregarme	entreg
entrelazadas	entrelaz
entrenarlo	entren
entrevistada	entrevist
entusiasmado	entusiasm
enviada	envi
envidiamos	envidi
envío	envi
equals	equals
equipment	equipment
equivocarse	equivoc
ermita	ermit
errónea	errone
escalante	escal
escapado	escap
escenario	escenari
esclavitud	esclavitud
escogieron	escog
esconder	escond
escribe	escrib
escritas	escrit
escucha	escuch
escuchen	escuch
escupir	escup
esforzamos	esforz
esmeraldas	esmerald
esparcimiento	esparc
especialista	especial
especificado	especific
espectáculo	espectacul
espera	esper
esperara	esper
esperó	esper
espiritualidad	espiritual
espía	espi
esquizofrenia	esquizofreni
establecidas	establec
estacionamiento	estacion
estados	estad
estampas	estamp
estar	estar
estatura	estatur
esther	esther
estimaron	estim
estirpe	estirp
estrada	estrad
estratégicos	estrateg
estrelló	estrell
estrepitosamente	estrepit
estrépito	estrepit
estudiará	estudi
estuviera	estuv
estén	esten
etchohuaquila	etchohuaquil
etíope	etiop
europeo	europe
evaluacion	evalu
evasivas	evas
evidencian	evidenci
evitarle	evit
ex	ex
examina	examin
excedernos	exced
excesiva	exces
exclamación	exclam
excursiones	excursion
exhibidas	exhib
exhortaban	exhort
exigieran	exig
exilio	exili
existirán	exist
expandido	expand
expedir	exped
experimentarse	experiment
explicación	explic
exploraban	explor
explotarse	explot
exponiéndose	expon
exportar	export
expresarse	expres
expulsado	expuls
extendemos	extend
extenuar	extenu
extinguidores	extinguidor
extraer	extra
extraordinario	extraordinari
extrañas	extrañ
eye	eye
fabricará	fabric
facilitados	facilit
factores	factor
facundo	facund
faldas	fald
fallida	fall
faltaba	falt
faltó	falt
fanfarrias	fanfarri
farmar	farm
fatiga	fatig
favorecimiento	favorec
fda	fda
fecundación	fecund
feeder	feed
felicitarlo	felicit
femenino	femenin
ferguson	ferguson
ferriño	ferriñ
festejada	festej
feudales	feudal
fidel	fidel
fignon	fignon
fijamos	fij
filas	fil
film	film
filósofos	filosof
finalizará	finaliz
financieros	financier
finishing	finishing
firmante	firmant
first	first
flagrante	flagrant
flemming	flemming
florida	flor
flume	flum
folclórica	folclor
fomento	foment
for	for
formaban	form
forman	form
formulación	formul
forro	forr
fortalezcan	fortalezc
foráneo	forane
fotografías	fotograf
fracasado	fracas
fracciones	fraccion
francamente	franc
franklyn	franklyn
fraternidad	fratern
frecuentaran	frecuent
frente	frent
fried	fri
fronterizo	fronteriz
frágiles	fragil
fuere	fuer
fujimori	fujimori
funcional	funcional
funcionarán	funcion
fundadores	fundador
fundarán	fund
funk	funk
futbolista	futbol
fábrica	fabric
físicamente	fisic
gafete	gafet
galeras	galer
gallinas	gallin
ganaban	gan
ganancia	gananci
ganchó	ganch
garantizar	garantiz
garibay	garibay
gaseras	gaser
gastarla	gast
gates	gat
gds	gds
generaciones	gener
generalizado	generaliz
generosas	gener
genocidio	genocidi
geográfico	geograf
gerentes	gerent
gestoría	gestor
gigantezca	gigantezc
giraba	gir
giuseppe	giusepp
globe	glob
gobernación	gobern
gobierne	gobiern
goleador	goleador
golpeados	golp
gonzalitos	gonzalit
gorilas	goril
goya	goy
grabada	grab
grabó	grab
gradual	gradual
grampus	grampus
grandeza	grandez
granjeros	granjer
gravar	grav
greenbelt	greenbelt
gripa	grip
grito	grit
grumos	grum
guan	guan
guardar	guard
guatemala	guatemal
guerrillero	guerriller
guiones	guion
gustan	gust
guíe	gui
h	h
habilidad	habil
habituados	habitu
hablarnos	habl
habrá	habr
hacer	hac
haciendo	hac
hagamos	hag
halla	hall
hambre	hambr
hank	hank
haro	har
haríamos	har
hayas	hay
hebillas	hebill
helados	hel
henrique	henriqu
hereditario	hereditari
hermanitas	hermanit
hermética	hermet
heráldico	herald
hidalgo	hidalg
hierro	hierr
hills	hills
hiponacte	hiponact
hirofumi	hirofumi
histórica	histor
hogar	hog
holgado	holg
homeóstasis	homeostasis
homs	homs
hong	hong
horacio	horaci
horrenda	horrend
hospitalización	hospitaliz
hoyos	hoy
hubieran	hub
huella	huell
huichapan	huichap
humanista	human
humillantemente	humill
hungría	hungr
hábito	habit
húngaro	hungar
ichi	ichi
identidad	ident
identifique	identifiqu
idéntica	ident
ignoran	ignor
igualarnos	igual
ileso	iles
ilustraciones	ilustr
imagino	imagin
imitarlo	imit
imparte	impart
impedimentos	impediment
impersonal	impersonal
implanté	implant
implicados	implic
imponen	impon
importan	import
imposibilidad	imposibil
impresas	impres
impresores	impresor
imprudentes	imprudent
impulsos	impuls
imán	iman
inamovible	inamov
inauguró	inaugur
incendiarias	incendiari
incidental	incidental
inclinaciones	inclin
incluirlo	inclu
incluyó	inclu
incondicional	incondicional
inconstitucionales	inconstitucional
incorporar	incorpor
incrementarles	increment
incriminar	incrimin
incumplimiento	incumpl
indagación	indag
indemnización	indemniz
indica	indic
indicativa	indic
indignado	indign
indispensable	indispens
induce	induc
industrias	industri
inelegancias	ineleg
inexplicable	inexplic
infecciones	infeccion
infiltrados	infiltr
influenzae	influenza
informado	inform
informativas	inform
infraccionar	infraccion
ingeniero	ingenier
ingleses	ingles
ingresos	ingres
iniciada	inici
iniciarse	inici
ininteligibles	inintelig
inmaduros	inmadur
inmobiliaria	inmobiliari
inmutable	inmut
innumerables	innumer
inquietos	inquiet
inscripciones	inscripcion
insidiosos	insidi
insistiré	insist
inspiraciones	inspir
instalar	instal
instantáneamente	instantan
instituya	institu
instrumento	instrument
insultaba	insult
intactas	intact
integrar	integr
intelectualmente	intelectual
intensidad	intens
intentamos	intent
interaciones	inter
intercedido	interced
interesada	interes
intereses	interes
interiormente	interior
internacional	internacional
interponer	interpon
interpretará	interpret
interrogar	interrog
intervenciones	intervencion
intervinieron	intervin
intramuscular	intramuscul
introdujera	introdujer
inundadas	inund
invencible	invenc
invernal	invernal
invertirle	invert
investigados	investig
invierta	inviert
invitamos	invit
involucrado	involucr
inyectó	inyect
iracheta	irachet
irlandés	irlandes
irregular	irregul
irrita	irrit
irían	iri
isleños	isleñ
itam	itam
iwai	iwai
jacinta	jacint
jaime	jaim
james	jam
jardinero	jardiner
jazzista	jazzist
jerarquía	jerarqu
jiménez	jimenez
johns	johns
joselito	joselit
joyero	joyer
judoka	judok
jugaba	jug
jugarán	jug
julius	julius
juntos	junt
justice	justic
justificarán	justific
juzgados	juzg
karam	karam
keldvsh	keldvsh
kentenich	kentenich
kilometraje	kilometraj
knight	knight
kruger	krug
la	la
laborioso	labori
lados	lad
lake	lak
laminadora	lamin
lantana	lantan
lanzaran	lanz
largas	larg
lasser	lass
latino	latin
laurent	laurent
lazcano	lazcan
lechuga	lechug
leerán	leeran
legisladores	legisl
legrá	legr
lema	lem
lentitud	lentitud
leroux	leroux
lesión	lesion
levanta	levant
levantarás	levant
leyenda	leyend
lianas	lian
liberarlo	liber
librando	libr
lic	lic
liderato	liderat
liera	lier
ligeras	liger
limitado	limit
limpiamente	limpi
lincoln	lincoln
liquidación	liquid
literalmente	literal
liviano	livian
llamara	llam
llamo	llam
lle	lle
llegaremos	lleg
llena	llen
llergo	llerg
llevarla	llev
lleven	llev
llosa	llos
lmkf	lmkf
localiza	localiz
locura	locur
logran	logr
logros	logr
londres	londr
lotería	lot
luce	luc
lucho	luch
lucía	luc
luminosas	lumin
luto	lut
láminas	lamin
límite	limit
lúdica	ludic
machista	machist
madeja	madej
madrileños	madrileñ
maestros	maestr
magistrados	magistr
magnética	magnet
majadería	majad
maldades	maldad
malinchista	malinch
malvavisco	malvavisc
manchar	manch
mandarlas	mand
mandíbula	mandibul
manejando	manej
manga	mang
manifestantes	manifest
manipular	manipul
mansión	mansion
mantenga	manteng
manual	manual
maoísta	maoist
maquillarlas	maquill
maravillosas	maravill
marcaron	marc
marchó	march
margaret	margaret
margules	margul
maridito	maridit
marino	marin
marlon	marlon
martha	marth
marzo	marz
masculina	masculin
massieu	massieu
matarlo	mat
materia	materi
matriarcado	matriarc
matías	mat
mayonesa	mayones
mayón	mayon
mcallen	mcall
mecenazgo	mecenazg
mediana	median
medición	medicion
medios	medi
megabits	megabits
mejoraran	mejor
melisa	melis
memoria	memori
mencionaron	mencion
meninges	mening
mensual	mensual
mentirosas	mentir
mercados	merc
merece	merec
meritorio	meritori
mesiánica	mesian
metan	met
meternos	met
metro	metr
metí	met
mexinox	mexinox
mezquinos	mezquin
mickey	mickey
microprocesador	microproces
miembro	miembr
miguelito	miguelit
mililitros	mililitr
miller	mill
mimiahuápam	mimiahuapam
minicumbre	minicumbr
minoristas	minor
miocardio	miocardi
miravalle	miravall
miscelanea	miscelane
missisipi	missisipi
mitológico	mitolog
mobutu	mobutu
modelos	model
modernizar	moderniz
modificadas	modific
moldearon	mold
molestó	molest
monarca	monarc
monitoreo	monitore
monsivais	monsivais
montaña	montañ
montes	mont
monumento	monument
moralización	moraliz
morell	morell
morris	morris
mosquito	mosquit
mostrándome	mostr
motivarlas	motiv
motolinía	motolin
moveré	mov
movió	mov
mu	mu
muda	mud
muertes	muert
muguiro	muguir
multado	mult
multimodal	multimodal
mundanales	mundanal
municipios	municipi
museo	muse
musulmana	musulman
muñeca	muñec
márquez	marquez
médula	medul
mímica	mimic
mónica	monic
nace	nac
nacionalidad	nacional
nadores	nador
naranja	naranj
narran	narr
nate	nat
naucalpan	naucalp
nave	nav
nayarit	nayarit
necesidades	neces
necesito	necesit
negara	neg
negociación	negoci
negocios	negoci
neográfica	neograf
neoyorquino	neoyorquin
netamente	net
neuronales	neuronal
news	news
nicaragüense	nicaragüens
niegue	nieg
nipón	nipon
niño	niñ
nocivas	nociv
nombramientos	nombramient
nominal	nominal
norcoreano	norcorean
norme	norm
norwick	norwick
notariado	notari
notificarán	notific
novatos	novat
novia	novi
nox	nox
nudos	nud
nuevoleonés	nuevoleones
numerosos	numer
nye	nye
núcleos	nucle
obedeció	obedec
objetivos	objet
obligaron	oblig
oboístas	oboist
obscuro	obscur
observadas	observ
obsesionado	obsesion
obstine	obstin
obtenida	obten
obviamente	obvi
ocasiones	ocasion
oceánico	ocean
ocultaba	ocult
ocupado	ocup
ocurrida	ocurr
odriozola	odriozol
ofensiva	ofens
oficializó	oficializ
ofrecerles	ofrec
ofrecimiento	ofrec
ojales	ojal
oleaginosos	oleagin
olivo	oliv
olvidar	olvid
omiso	omis
ontario	ontari
operada	oper
operas	oper
opiniónfinanciera	opinionfinanc
oportuno	oportun
optimizar	optimiz
orangután	orangutan
ordenaron	orden
oreja	orej
organizador	organiz
organizó	organiz
orientada	orient
origina	origin
originarla	origin
orizaba	oriz
ortigoza	ortigoz
osaka	osak
osos	osos
othón	othon
otorgarle	otorg
ottawa	ottaw
oval	oval
oxígeno	oxigen
pabellón	pabellon
pactada	pact
padilla	padill
pagamos	pag
pagará	pag
pala	pal
palcos	palc
palmas	palm
pampas	pamp
pancrasio	pancrasi
panorama	panoram
panzas	panz
paquetería	paquet
paradójicamente	paradoj
paralizando	paraliz
parcial	parcial
pareciendo	parec
parga	parg
parm	parm
parricidio	parricidi
participaciones	particip
participativos	particip
partidistas	partid
partículas	particul
pasada	pas
pasaporte	pasaport
pascal	pascal
paseó	pase
pastillas	pastill
patentarlo	patent
pato	pat
patrios	patri
patrulleros	patruller
pausa	paus
paz	paz
pecado	pec
peculiaridad	peculiar
pedidos	ped
pedrada	pedr
pegar	peg
peleado	pel
peligros	peligr
peluche	peluch
pendiente	pendient
penoso	penos
pensilvania	pensilvani
peores	peor
percances	percanc
perder	perd
perdieron	perd
pereyra	pereyr
perfilan	perfil
periféricos	perifer
periódico	period
perlas	perl
permanencia	permanent
permiten	permit
permitirían	permit
perpetuarse	perpetu
perseguidores	perseguidor
personalidad	personal
pertenecer	pertenec
perturbó	perturb
pesadas	pes
pesetas	peset
peter	pet
petrov	petrov
philippe	philipp
pick	pick
pido	pid
pienso	piens
pigmento	pigment
pinacoteca	pinacotec
pintan	pint
pionero	pioner
pisado	pis
pitas	pit
pizpireta	pizpiret
plaga	plag
planeaban	plan
planilla	planill
planteadas	plant
planteó	plante
plataformas	plataform
platicábamos	platic
plaza	plaz
plomo	plom
plácidamente	placid
pobladas	pobl
poco	poc
podrá	podr
poesía	poes
policiacos	policiac
polinésico	polines
polonia	poloni
pompeyo	pompey
pone	pon
ponerse	pon
pontificio	pontifici
populista	popul
porcioncita	porcioncit
porras	porr
portavoz	portavoz
portugués	portugues
posesión	posesion
posición	posicion
posterior	posterior
postular	postul
potomac	potomac
pozole	pozol
practicas	practic
precario	precari
precioso	precios
precisar	precis
predestinado	predestin
predominante	predomin
preferida	prefer
preguntaba	pregunt
prehispánica	prehispan
premiadas	premi
prendarios	prendari
preocupadas	preocup
prepara	prep
prepararán	prepar
prepárele	preparel
presenciado	presenci
presentador	present
presentarse	present
preservarle	preserv
presidida	presid
presión	presion
prestaron	prest
presunta	presunt
pretenda	pretend
prevalece	prevalec
prever	prev
previsto	previst
primarias	primari
primex	primex
principales	principal
prisión	prision
privatizado	privatiz
probables	probabl
probursa	proburs
procesa	proces
proclama	proclam
procurarán	procur
produciendo	produc
productores	productor
profesionalismo	profesional
profundamente	profund
programada	program
progresivamente	progres
prohibió	prohib
prolongarse	prolong
prometido	promet
promocionar	promocion
promovido	promov
pronostica	pronost
pronuncie	pronunci
propiciar	propici
propinándole	propin
proporcionaba	proporcion
proporcionen	proporcion
propósito	proposit
prospecto	prospect
protagónicos	protagon
protegerían	proteg
protestas	protest
proveeduría	proveedur
provisionales	provisional
provocarán	provoc
proyectarse	proyect
prusia	prusi
prófugos	profug
psicológica	psicolog
psoriasis	psoriasis
publicará	public
pudieran	pud
puedan	pued
puestas	puest
pulcro	pulcr
pulverizar	pulveriz
puntería	punt
pupilo	pupil
pusieron	pus
pág	pag
pértiga	pertig
públicas	public
quebraron	quebr
quedará	qued
quejado	quej
quemaduras	quemadur
querrían	querr
quieran	quier
quinielas	quiniel
quisieron	quis
quitarnos	quit
quiénes	quien
rabo	rab
radiales	radial
radioescucha	radioescuch
rakenel	rakenel
ramón	ramon
rapar	rap
rasero	raser
rating	rating
rayada	ray
raza	raz
re	re
reactivarán	reactiv
reales	real
realizada	realiz
realizarse	realiz
reaparecerá	reaparec
rebasará	rebas
rebotarán	rebot
recarpetear	recarpet
receptores	receptor
rechazar	rechaz
recibido	recib
recibiría	recib
recientísima	recientisim
reclamadas	reclam
reclusorio	reclusori
recolección	recoleccion
recomiendan	recomiend
reconocerlos	reconoc
reconozcan	reconozc
recordar	record
recostado	recost
rectas	rect
recuperable	recuper
recurso	recurs
redilas	redil
reducciones	reduccion
redujeron	redujeron
reemplazado	reemplaz
refaccionarias	refaccionari
referían	ref
reflejaban	reflej
reflexionó	reflexion
reforzar	reforz
refuerzan	refuerz
regalo	regal
regio	regi
registra	registr
registre	registr
reglas	regl
regresaría	regres
regulador	regul
rehabilitación	rehabilit
reincidencia	reincident
reiteradamente	reiter
relacionadas	relacion
relatar	relat
relevantes	relev
religión	religion
remediar	remedi
remota	remot
renales	renal
renee	rene
renovados	renov
rentería	rent
reorganice	reorganic
repartido	repart
repavimentar	repaviment
repetir	repet
replica	replic
reportaron	report
representación	represent
representativo	represent
reproches	reproch
republicanas	republican
requerido	requer
requirió	requir
rescatable	rescat
resentimos	resent
residen	resid
resigno	resign
resolver	resolv
respaldada	respald
respetable	respet
respetuoso	respetu
respondido	respond
respuestas	respuest
restaurante	restaur
restructuración	restructur
resultar	result
resurgir	resurg
retiene	retien
retirará	retir
retomarla	retom
retractarán	retract
retratar	retrat
retroceso	retroces
reubicarse	reubic
reunión	reunion
revelada	revel
reventón	reventon
revisan	revis
reviso	revis
revoluciones	revolu
reyes	rey
rezarte	rezart
reúnen	reun
ricardo	ricard
rieles	riel
rigen	rig
rindieran	rind
ristra	ristr
river	riv
rkl	rkl
roberts	roberts
rocard	rocard
rod	rod
rodeará	rod
roedores	roedor
rolada	rol
romeo	rome
rompieron	romp
ropa	rop
rosibel	rosibel
rotarios	rotari
royce	royc
rubí	rub
rugido	rug
rumor	rumor
ruteador	ruteador
récord	record
rítmica	ritmic
saberlo	sab
saboreando	sabor
sacada	sac
sacaron	sac
sacrificios	sacrifici
sagrada	sagr
salariales	salarial
saldívar	saldiv
saliera	sal
salomón	salomon
saltándose	salt
saludó	salud
salvarle	salv
sampetrinas	sampetrin
sanciones	sancion
sangrar	sangr
santa	sant
sapitos	sapit
sartenes	sarten
satisfagan	satisfag
saucedo	sauced
saúl	saul
science	scienc
seca	sec
secretarios	secretari
secuestradas	secuestr
secundaron	secund
seduop	seduop
seguimos	segu
segundos	segund
seiyu	seiyu
seller	sell
sembradío	sembradi
semi	semi
semioscuras	semioscur
sendas	send
sensibilidad	sensibil
sentanes	sentan
sentimientos	sentimient
separaciones	separ
separen	separ
serenata	serenat
series	seri
servicio	servici
serviría	serv
setentas	setent
sexopatía	sexopat
señalaban	señal
señaló	señal
shcp	shcp
showtime	showtim
siembran	siembr
sigamos	sig
significativa	signific
siguiente	siguient
sillas	sill
simeprode	simeprod
simulación	simul
sinceramente	sincer
sindicatura	sindicatur
sintiéndome	sint
sirgo	sirg
sismógrafos	sismograf
situación	situacion
smc	smc
sobra	sobr
sobrecargas	sobrecarg
sobrepase	sobrep
sobrestantes	sobrest
sobrevuelos	sobrevuel
sociedad	socied
socorros	socorr
software	softwar
solaza	solaz
solemnidad	solemn
solicite	solicit
solito	solit
soluciones	solucion
sombreros	sombrer
son	son
sonríes	sonr
soportes	soport
sorprendentes	sorprendent
sorpresivos	sorpres
sostendrán	sostendran
sostuvieron	sostuv
soy	soy
spike	spik
stanley	stanley
stock	stock
stup	stup
subalterna	subaltern
subdesarrollada	subdesarroll
subidas	sub
sublíderes	sublider
subsanables	subsan
subsidios	subsidi
subversivo	subvers
sucedido	suced
sucio	suci
sudoración	sudor
suena	suen
sufrague	sufrag
sugerentes	sugerent
sui	sui
sulaimán	sulaiman
sumaron	sum
suministrar	suministr
supera	super
superará	super
superioridad	superior
supervisa	supervis
suple	supl
suponga	supong
supuestas	supuest
surgiendo	surg
surtido	surt
suscrita	suscrit
suspendieron	suspend
sustente	sustent
sustituyó	sustitu
swing	swing
sé	se
sísmica	sismic
t	t
tachuelas	tachuel
tajante	tajant
tallando	tall
también	tambien
tangibles	tangibl
tapatías	tapat
taquillera	taquiller
tardará	tard
tarifas	tarif
tauro	taur
teaanque	teaanqu
techos	tech
tecnócratas	tecnocrat
tejeda	tejed
telefónico	telefon
televisiva	televis
tema	tem
temiendo	tem
temporada	tempor
tención	tencion
tendría	tendr
tengas	teng
tensiones	tension
tepanco	tepanc
tercer	terc
terminaciones	termin
terminarse	termin
ternura	ternur
territorio	territori
tesoros	tesor
texcoco	texcoc
teóricos	teoric
thurman	thurm
tienden	tiend
tijuanenses	tijuanens
tinta	tint
tirando	tir
tiránica	tiran
tituló	titul
tlaxcala	tlaxcal
tocará	toc
tolerada	toler
tomado	tom
tomará	tom
tomó	tom
topa	top
toqui	toqui
tornado	torn
torpeza	torpez
tortillas	tortill
tostado	tost
tpc	tpc
trabajando	trabaj
tracen	trac
traducir	traduc
traes	tra
traigan	traig
tramitología	tramitolog
tranquilizara	tranquiliz
transbordo	transbord
transeúntes	transeunt
transformaron	transform
transitarán	transit
transmitirá	transmit
transportaciones	transport
tranvías	tranv
trasfondos	trasfond
trasmisión	trasmision
trastorna	trastorn
tratan	trat
tratos	trat
trazado	traz
tremendamente	tremend
treviñista	treviñ
tricolores	tricolor
triplicaron	triplic
tristán	tristan
triunfaría	triunf
tronco	tronc
trousseau	trousseau
trámite	tramit
tubos	tub
tumores	tumor
turnbull	turnbull
tuvieran	tuv
táctica	tactic
térmicas	termic
típico	tipic
túnel	tunel
ubicadas	ubic
ubicársele	ubicarsel
uhagon	uhagon
unacolumna	unacolumn
unidas	unid
uniforme	uniform
united	unit
unió	uni
urbanistas	urban
uribe	urib
usaba	usab
usará	usar
usurpación	usurp
utilizados	utiliz
utópicas	utop
vacilante	vacil
vagina	vagin
valedores	valedor
valero	valer
valla	vall
valoración	valor
value	valu
vanidades	vanidad
varada	var
varicela	varicel
vasconcelos	vasconcel
vayamos	vay
vecindario	vecindari
vehículo	vehicul
velas	vel
vence	venc
venda	vend
venderse	vend
vendrá	vendr
venganza	venganz
ventana	ventan
venían	ven
verbo	verb
veredalta	veredalt
verlas	verl
versátil	versatil
verónica	veron
vestía	vest
viaducto	viaduct
viajeros	viajer
vice	vic
victorias	victori
videoclubes	videoclub
viejo	viej
vieron	vieron
vigilados	vigil
vigésimacuarta	vigesimacuart
villar	vill
vinculado	vincul
violación	violacion
violentas	violent
virtud	virtud
visiones	vision
visitaron	visit
vislumbrar	vislumbr
vistosos	vistos
vitaminas	vitamin
vivas	viv
vivieron	viv
vl	vl
voices	voic
volcán	volcan
volts	volts
